CREATE DATABASE  IF NOT EXISTS `musicstore` /*!40100 DEFAULT CHARACTER SET utf8mb4 COLLATE utf8mb4_0900_ai_ci */ /*!80016 DEFAULT ENCRYPTION='N' */;
USE `musicstore`;
-- MySQL dump 10.13  Distrib 8.0.42, for Win64 (x86_64)
--
-- Host: localhost    Database: musicstore
-- ------------------------------------------------------
-- Server version	8.0.42

/*!40101 SET @OLD_CHARACTER_SET_CLIENT=@@CHARACTER_SET_CLIENT */;
/*!40101 SET @OLD_CHARACTER_SET_RESULTS=@@CHARACTER_SET_RESULTS */;
/*!40101 SET @OLD_COLLATION_CONNECTION=@@COLLATION_CONNECTION */;
/*!50503 SET NAMES utf8 */;
/*!40103 SET @OLD_TIME_ZONE=@@TIME_ZONE */;
/*!40103 SET TIME_ZONE='+00:00' */;
/*!40014 SET @OLD_UNIQUE_CHECKS=@@UNIQUE_CHECKS, UNIQUE_CHECKS=0 */;
/*!40014 SET @OLD_FOREIGN_KEY_CHECKS=@@FOREIGN_KEY_CHECKS, FOREIGN_KEY_CHECKS=0 */;
/*!40101 SET @OLD_SQL_MODE=@@SQL_MODE, SQL_MODE='NO_AUTO_VALUE_ON_ZERO' */;
/*!40111 SET @OLD_SQL_NOTES=@@SQL_NOTES, SQL_NOTES=0 */;

--
-- Table structure for table `album`
--

DROP TABLE IF EXISTS `album`;
/*!40101 SET @saved_cs_client     = @@character_set_client */;
/*!50503 SET character_set_client = utf8mb4 */;
CREATE TABLE `album` (
  `AlbumId` int NOT NULL,
  `Title` varchar(160) CHARACTER SET utf8mb3 COLLATE utf8mb3_general_ci DEFAULT NULL,
  `ArtistId` int DEFAULT NULL,
  PRIMARY KEY (`AlbumId`),
  KEY `ArtistId` (`ArtistId`),
  CONSTRAINT `album_ibfk_1` FOREIGN KEY (`ArtistId`) REFERENCES `artist` (`ArtistId`)
) ENGINE=InnoDB DEFAULT CHARSET=utf8mb4 COLLATE=utf8mb4_0900_ai_ci;
/*!40101 SET character_set_client = @saved_cs_client */;

--
-- Dumping data for table `album`
--

LOCK TABLES `album` WRITE;
/*!40000 ALTER TABLE `album` DISABLE KEYS */;
INSERT INTO `album` VALUES (1,'Profit-focused optimal Graphical User Interface',27),(2,'Fully-configurable solution-oriented monitoring',33),(3,'Vision-oriented human-resource algorithm',3),(4,'Extended mission-critical pricing structure',43),(5,'Visionary disintermediate moderator',30),(6,'Programmable multi-tasking budgetary management',28),(7,'Balanced intangible alliance',39),(8,'Self-enabling static benchmark',21),(9,'User-centric impactful service-desk',15),(10,'Automated actuating artificial intelligence',17),(11,'Distributed systemic success',19),(12,'Focused fresh-thinking framework',30),(13,'Fully-configurable demand-driven Graphical User Interface',47),(14,'Robust scalable groupware',32),(15,'Front-line asynchronous workforce',1),(16,'Secured client-server leverage',10),(17,'Synergistic regional function',35),(18,'De-engineered context-sensitive product',44),(19,'Vision-oriented empowering function',37),(20,'User-centric mission-critical middleware',43),(21,'Reverse-engineered intangible throughput',22),(22,'Right-sized system-worthy installation',38),(23,'Integrated bottom-line knowledge user',26),(24,'Visionary foreground groupware',12),(25,'Adaptive stable project',50),(26,'Monitored 24hour instruction set',17),(27,'User-centric systemic initiative',48),(28,'Optimized intangible methodology',38),(29,'Expanded tertiary knowledgebase',6),(30,'Down-sized heuristic pricing structure',33),(31,'Universal optimal synergy',18),(32,'Re-engineered regional software',23),(33,'Self-enabling bi-directional throughput',12),(34,'Team-oriented asynchronous paradigm',20),(35,'Enterprise-wide multi-state frame',26),(36,'Vision-oriented user-facing solution',33),(37,'Secured incremental contingency',32),(38,'Progressive national access',37),(39,'Profound intangible methodology',7),(40,'Cloned disintermediate forecast',5),(41,'Re-engineered mission-critical circuit',17),(42,'Future-proofed intermediate archive',11),(43,'Intuitive even-keeled infrastructure',2),(44,'Multi-channeled global framework',26),(45,'De-engineered heuristic system engine',43),(46,'Inverse global archive',49),(47,'Digitized responsive Internet solution',39),(48,'Expanded global hardware',48),(49,'Open-architected content-based process improvement',6),(50,'Synergistic intangible conglomeration',15),(51,'Advanced discrete policy',27),(52,'Synergized context-sensitive open system',34),(53,'Decentralized leadingedge support',12),(54,'Organized systematic intranet',15),(55,'Distributed tangible implementation',48),(56,'Open-architected directional orchestration',2),(57,'Organic mobile interface',48),(58,'Integrated even-keeled extranet',30),(59,'Integrated explicit interface',37),(60,'Cross-platform static ability',7),(61,'Programmable needs-based middleware',31),(62,'Organized methodical array',2),(63,'Operative attitude-oriented encryption',32),(64,'Reactive mobile productivity',1),(65,'Optimized zero tolerance hardware',44),(66,'Enterprise-wide attitude-oriented analyzer',21),(67,'Multi-channeled systemic secured line',10),(68,'Implemented optimizing orchestration',27),(69,'Reactive hybrid Graphic Interface',9),(70,'Open-source encompassing encryption',16),(71,'Object-based empowering migration',10),(72,'Automated mission-critical strategy',19),(73,'Front-line directional challenge',39),(74,'Multi-channeled human-resource project',30),(75,'Reverse-engineered tertiary framework',19),(76,'Extended national migration',49),(77,'Multi-channeled zero-defect moderator',18),(78,'Compatible zero administration data-warehouse',2),(79,'Enterprise-wide secondary installation',22),(80,'De-engineered bifurcated orchestration',19),(81,'Switchable stable core',18),(82,'User-centric 24/7 focus group',40),(83,'Versatile analyzing approach',6),(84,'Horizontal secondary attitude',23),(85,'Front-line impactful instruction set',31),(86,'Diverse secondary emulation',9),(87,'Business-focused attitude-oriented flexibility',44),(88,'Secured 24hour hub',3),(89,'Object-based 24hour throughput',21),(90,'Visionary 24/7 core',45),(91,'Vision-oriented actuating structure',45),(92,'Public-key exuding knowledgebase',17),(93,'Multi-channeled tangible intranet',11),(94,'Synergized local website',19),(95,'User-friendly upward-trending alliance',42),(96,'Adaptive systemic framework',44),(97,'Vision-oriented tangible data-warehouse',24),(98,'Monitored human-resource alliance',24),(99,'Future-proofed logistical monitoring',18),(100,'Devolved local contingency',45),(101,'Focused didactic data-warehouse',39),(102,'Self-enabling cohesive throughput',47),(103,'Secured static system engine',20),(104,'Optimized impactful analyzer',12),(105,'Monitored client-driven open system',13),(106,'Intuitive eco-centric archive',31),(107,'Implemented responsive circuit',14),(108,'Vision-oriented motivating workforce',4),(109,'Mandatory regional matrix',50),(110,'Realigned leadingedge migration',12),(111,'Multi-lateral foreground hardware',7),(112,'Centralized object-oriented capacity',6),(113,'Distributed object-oriented leverage',42),(114,'Enterprise-wide fault-tolerant solution',36),(115,'Persevering content-based hierarchy',30),(116,'Optional encompassing orchestration',11),(117,'Vision-oriented local hierarchy',5),(118,'Visionary modular architecture',38),(119,'Versatile zero tolerance hub',2),(120,'Open-source encompassing software',37),(121,'Open-architected dynamic challenge',45),(122,'Multi-layered zero tolerance core',12),(123,'Implemented solution-oriented flexibility',41),(124,'Synergistic coherent alliance',46),(125,'Reverse-engineered local projection',17),(126,'Enterprise-wide national extranet',32),(127,'Balanced 3rdgeneration task-force',45),(128,'Integrated analyzing solution',43),(129,'Function-based asymmetric application',30),(130,'Networked value-added projection',43),(131,'Public-key regional moderator',39),(132,'Operative optimal help-desk',21),(133,'Up-sized mobile analyzer',31),(134,'Centralized high-level conglomeration',43),(135,'Universal methodical Graphical User Interface',41),(136,'Implemented national superstructure',45),(137,'Fundamental national neural-net',29),(138,'Versatile mission-critical initiative',22),(139,'Diverse reciprocal budgetary management',50),(140,'Centralized local structure',5),(141,'Diverse object-oriented Internet solution',8),(142,'Right-sized upward-trending strategy',39),(143,'Managed solution-oriented artificial intelligence',2),(144,'Public-key motivating product',37),(145,'Universal object-oriented hub',14),(146,'Devolved foreground functionalities',13),(147,'Reactive secondary complexity',25),(148,'Customizable clear-thinking help-desk',48),(149,'Re-contextualized foreground firmware',29),(150,'Compatible 5thgeneration ability',46);
/*!40000 ALTER TABLE `album` ENABLE KEYS */;
UNLOCK TABLES;

--
-- Table structure for table `artist`
--

DROP TABLE IF EXISTS `artist`;
/*!40101 SET @saved_cs_client     = @@character_set_client */;
/*!50503 SET character_set_client = utf8mb4 */;
CREATE TABLE `artist` (
  `ArtistId` int NOT NULL,
  `Name` varchar(120) CHARACTER SET utf8mb3 COLLATE utf8mb3_general_ci DEFAULT NULL,
  PRIMARY KEY (`ArtistId`)
) ENGINE=InnoDB DEFAULT CHARSET=utf8mb4 COLLATE=utf8mb4_0900_ai_ci;
/*!40101 SET character_set_client = @saved_cs_client */;

--
-- Dumping data for table `artist`
--

LOCK TABLES `artist` WRITE;
/*!40000 ALTER TABLE `artist` DISABLE KEYS */;
INSERT INTO `artist` VALUES (1,'Kelly Barnes'),(2,'Lisa Salazar'),(3,'Brandon Phillips'),(4,'Michele Phillips DDS'),(5,'Danielle West'),(6,'Terri Holmes'),(7,'Edward Bell'),(8,'Amanda Rivera'),(9,'Claudia Garcia'),(10,'Barbara Erickson'),(11,'Glenn Burnett'),(12,'George Martinez'),(13,'Cameron Fisher'),(14,'Michelle Hanson'),(15,'Brian Solomon'),(16,'Katherine Jackson'),(17,'Jonathan Castro'),(18,'Jesse Kelly'),(19,'Samantha Freeman'),(20,'Brittney Hall'),(21,'Terri Hurley'),(22,'Jeffrey Ibarra'),(23,'Jacob Torres'),(24,'Terri Johnson'),(25,'Clayton Meyer'),(26,'Robert Roy'),(27,'Carolyn Martin'),(28,'Pamela Smith'),(29,'Mary Davis'),(30,'Colton Nelson'),(31,'Tiffany Harris'),(32,'Michael White'),(33,'Ms. Suzanne Morgan'),(34,'Michael Dickson'),(35,'David Fields'),(36,'Katherine Fisher'),(37,'Alexandria Cline'),(38,'Scott Martin'),(39,'Dominique Rodriguez'),(40,'Mr. Matthew Cooper'),(41,'Elizabeth Morris'),(42,'Gina Nguyen MD'),(43,'Kyle Monroe'),(44,'Christopher Brown'),(45,'Theresa Hicks'),(46,'Michelle Robbins'),(47,'Patrick Greer'),(48,'Sandra Johnson'),(49,'Jody Davis'),(50,'Renee Evans');
/*!40000 ALTER TABLE `artist` ENABLE KEYS */;
UNLOCK TABLES;

--
-- Table structure for table `customer`
--

DROP TABLE IF EXISTS `customer`;
/*!40101 SET @saved_cs_client     = @@character_set_client */;
/*!50503 SET character_set_client = utf8mb4 */;
CREATE TABLE `customer` (
  `CustomerId` int NOT NULL,
  `FirstName` varchar(40) CHARACTER SET utf8mb3 COLLATE utf8mb3_general_ci NOT NULL,
  `LastName` varchar(20) CHARACTER SET utf8mb3 COLLATE utf8mb3_general_ci NOT NULL,
  `Company` varchar(80) CHARACTER SET utf8mb3 COLLATE utf8mb3_general_ci DEFAULT NULL,
  `Address` varchar(70) CHARACTER SET utf8mb3 COLLATE utf8mb3_general_ci DEFAULT NULL,
  `City` varchar(40) CHARACTER SET utf8mb3 COLLATE utf8mb3_general_ci DEFAULT NULL,
  `State` varchar(40) CHARACTER SET utf8mb3 COLLATE utf8mb3_general_ci DEFAULT NULL,
  `Country` varchar(40) CHARACTER SET utf8mb3 COLLATE utf8mb3_general_ci DEFAULT NULL,
  `PostalCode` varchar(10) CHARACTER SET utf8mb3 COLLATE utf8mb3_general_ci DEFAULT NULL,
  `Phone` varchar(24) CHARACTER SET utf8mb3 COLLATE utf8mb3_general_ci DEFAULT NULL,
  `Fax` varchar(24) CHARACTER SET utf8mb3 COLLATE utf8mb3_general_ci DEFAULT NULL,
  `Email` varchar(60) CHARACTER SET utf8mb3 COLLATE utf8mb3_general_ci NOT NULL,
  `SupportRepId` int DEFAULT NULL,
  PRIMARY KEY (`CustomerId`),
  KEY `SupportRepId` (`SupportRepId`),
  CONSTRAINT `customer_ibfk_1` FOREIGN KEY (`SupportRepId`) REFERENCES `employee` (`EmployeeId`)
) ENGINE=InnoDB DEFAULT CHARSET=utf8mb4 COLLATE=utf8mb4_0900_ai_ci;
/*!40101 SET character_set_client = @saved_cs_client */;

--
-- Dumping data for table `customer`
--

LOCK TABLES `customer` WRITE;
/*!40000 ALTER TABLE `customer` DISABLE KEYS */;
INSERT INTO `customer` VALUES (1,'Mandy','Parks','Mckenzie Group','93576 Kaitlyn Path','New Matthewmouth','Oregon','Seychelles','99655','001-890-616-8452','497.252.8948x08551','jeffpham@bird.com',26),(2,'Kevin','Douglas','Johnson, Zamora and Wright','305 Lang Heights Suite 447','North Matthewborough','Oklahoma','Bosnia and Herzegovina','47316','980-907-7176x08958','142.432.2304','parkerjulie@yahoo.com',41),(3,'Jose','Torres','Nelson, Robbins and Spencer','089 Carol Corners','Katrinaberg','North Dakota','Malaysia','14149','(425)301-8287x7377','001-124-746-9379x076','whart@ortiz.com',20),(4,'Christopher','Wilson','Conner PLC','42894 Williams Bridge','Christopherchester','Arkansas','Afghanistan','61902','(146)182-2680','972-051-4051x345','robert14@yahoo.com',48),(5,'Nathan','Lucero','Walters LLC','8475 Miles Camp Suite 264','New Deniseside','Rhode Island','China','86585','+1-039-381-9224x89501','678-001-3720x7491','reeselisa@ponce.com',16),(6,'Joshua','Schmitt','Clark, Smith and Downs','8888 Aaron Mill','North Nicholasburgh','Utah','Dominica','59437','+1-963-818-5944x0212','644-986-4849','george00@yahoo.com',26),(7,'Laura','Sellers','Sutton-Farrell','9852 Melissa Glens','Allenshire','Kentucky','Honduras','03653','605.528.9318','001-561-576-4837','christopherjones@hotmail.com',30),(8,'Karen','Scott','Campbell Inc','478 Tracy Meadows','Lake Johnnyberg','South Dakota','Saint Vincent and the Grenadines','75031','+1-553-367-9227x414','(535)280-0216x45754','fisherkevin@sanders.com',41),(9,'Nicole','Collier','Morrison and Sons','0240 Boyd Loaf','Neilstad','Oklahoma','Chad','20002','+1-064-066-1556x12034','742.921.2680','smithbrian@hotmail.com',38),(10,'Samuel','Wise','Hunt-Acevedo','3930 Carr Brooks Suite 484','East Allison','Delaware','Andorra','07381','2208103857','(339)330-9968','andrew78@gmail.com',13),(11,'Jasmine','Rowe','Hawkins, Welch and Jones','12116 Johnson Manors','West Brianna','Wisconsin','Congo','71468','442-336-7411x979','6034369173','fyoung@stevens.com',2),(12,'Stephen','Johnson','Martinez-Brown','25784 Patterson Track','East Ronniefort','Alaska','Saint Pierre and Miquelon','99034','0093713671','001-416-045-6396x6394','irichardson@leon.biz',31),(13,'John','Stevenson','Thompson, Rogers and Baker','113 Anderson Shore','Brownchester','Virginia','Thailand','75708','(767)593-7974','(061)792-5134x0334','shawnshepherd@hotmail.com',3),(14,'Caitlyn','Richards','Wiggins LLC','55977 Rhonda Valleys','Camachoberg','Arkansas','Israel','81668','+1-976-541-1044x01361','+1-818-818-0815x78959','hannahalvarez@yahoo.com',5),(15,'Jennifer','Stanley','Stewart LLC','301 Phillips Vista','South Aaron','Massachusetts','Turkey','34050','586-115-4883','(130)139-5967x182','bellamy@gmail.com',13),(16,'Aaron','Phillips','Thompson-Fowler','0888 Kristina Park Apt. 071','Holdenville','Nevada','Bosnia and Herzegovina','48255','392-112-5099x883','5062690797','alyssa32@joseph.com',7),(17,'Johnny','Rowe','Sandoval Inc','06757 Roberto Ports','Lake Andrewmouth','Florida','Syrian Arab Republic','76121','374.107.2535','+1-726-849-5744x1091','christinamartin@martin.info',8),(18,'Gabrielle','Myers','Combs Group','94761 Jamie Drives','Jonesport','Indiana','Suriname','49825','+1-692-019-0814x19550','001-737-821-2734x8164','ericshannon@gmail.com',19),(19,'Martha','Espinoza','Jackson, Morales and Thomas','91921 Larry Port','Michaelshire','Nebraska','Malawi','60678','239-238-5947x86451','248.847.5828','jessicabates@fischer.com',28),(20,'Oscar','Neal','Wagner, Cantu and Hamilton','2395 Brent Circles Suite 914','West John','Arizona','Tokelau','52462','813.980.5443','7668689525','robertoroberts@hotmail.com',5),(21,'Julian','Schmitt','Wong-Mooney','497 Erica Falls','Christinetown','Georgia','Turks and Caicos Islands','52443','984-499-6421','(822)510-2665','timothy20@yahoo.com',39),(22,'Joseph','Johnson','Bennett Ltd','5489 Victoria Hills','Mitchellville','Arizona','Azerbaijan','88033','(302)824-6538x0098','461-730-0027','eric61@gmail.com',20),(23,'Richard','Gallagher','Stewart and Sons','260 Young Motorway','Emilyborough','Montana','Northern Mariana Islands','12637','724.691.0996x5903','0189840274','timothycisneros@martinez-adams.info',38),(24,'Marcus','Cook','Case, Garcia and Dorsey','38975 Hayden Vista','Georgemouth','Maryland','Madagascar','62038','(102)301-9150x7235','+1-303-385-1611','ryancohen@hotmail.com',26),(25,'Jesse','Burns','Cox Inc','01163 Fisher Loaf','West Marytown','Kansas','Western Sahara','33954','+1-471-884-6719','001-996-205-1000x950','rchung@gmail.com',26),(26,'Yesenia','Cunningham','Gray, Dixon and Cain','988 Jennifer Park','Lake Troy','Kansas','Norfolk Island','83786','001-364-738-2537x76091','250.088.7898','gstanley@eaton.com',19),(27,'Janet','Torres','Brooks, Brown and Miller','4382 Amanda Mill','North James','Alaska','Gabon','56306','(831)803-1559x0890','(993)418-5440','danielle90@yahoo.com',28),(28,'Thomas','Salazar','Walsh LLC','1924 William Circle','New Christopher','Virginia','Netherlands Antilles','29211','+1-851-114-4419x455','711-211-9477','jessica85@johnson.org',44),(29,'Laurie','Kramer','Hess-Mathis','92523 Martin Tunnel','New Cory','Montana','Malawi','63600','873-586-9734','001-421-725-3380x18844','justin58@yahoo.com',9),(30,'Savannah','Ortega','Bradley Group','0598 Thomas Squares','West Sherri','Virginia','Suriname','90633','839-733-0522x5038','314-558-3545','james29@cochran.biz',2),(31,'Sheila','Chavez','Price PLC','5301 Jessica Canyon Apt. 393','Williamsland','Michigan','Colombia','39119','517.593.1699x846','839.920.3844x5048','jenniferwells@yahoo.com',28),(32,'Victoria','Patterson','Washington-Wilson','136 Tina Square Suite 211','Jacobstad','Wisconsin','Tunisia','93375','1630207728','001-651-272-8416','linbrian@yahoo.com',8),(33,'Jane','Hernandez','Perez-Williams','041 Tammy Mission Suite 093','South Michael','Iowa','Burundi','24608','344.139.1948','166.681.4941x31906','michelekennedy@mitchell-french.org',11),(35,'Gary','Burns','Carlson, Wallace and Jones','43166 Chad Keys','Kevinview','Illinois','Heard Island and McDonald Islands','46513','001-119-687-9360x048','(677)792-6004','michellekelley@hotmail.com',25),(36,'Kathryn','Patel','Bird-Day','34812 Benjamin Spur Apt. 712','Ginabury','North Dakota','Western Sahara','56605','001-551-792-1201x86381','116.699.2037','adam88@wright.com',34),(37,'Tracy','Park','Rosario, Jones and Madden','153 Wendy Road Suite 419','New David','Vermont','Libyan Arab Jamahiriya','98158','992-237-4917','001-737-478-7865','seanwilkins@mullins.com',21),(38,'Joseph','Neal','Norton, Watts and Mcmahon','940 Jackson Ranch Suite 910','Davidberg','Colorado','Pakistan','97454','586-016-5041','(435)399-0071x8268','nicole24@hotmail.com',6),(39,'Michael','Lewis','Hicks, Morales and Harris','6663 Ellis Shoal','Haleborough','Louisiana','Tuvalu','08452','(038)420-9017x14179','(008)261-0774x6891','conradronald@henderson.org',44),(40,'Gina','Johnston','Cummings, Martin and Gutierrez','46274 Dalton Station','Christopherside','Georgia','Romania','97541','+1-581-557-8679','332-825-5009','granttonya@robinson.com',32),(41,'Deborah','Powell','Dillon Group','6736 Romero Underpass Suite 441','Brianville','Michigan','Norfolk Island','03272','133.585.2630','+1-431-286-2189','tzhang@romero.com',9),(42,'Kayla','Ortega','Mason, Blackwell and Hernandez','94912 Duncan Parkway Suite 532','West April','Wisconsin','Georgia','47667','714.936.2383x89006','(510)461-2017x78318','taylordana@campbell.biz',23),(43,'Joan','Montes','Martinez-Brennan','2771 Anthony Keys','Port Dana','Montana','Lesotho','14896','+1-479-632-4065x5939','(122)810-7620x15589','hmyers@hotmail.com',47),(44,'Lauren','Cooper','Harrell, Weber and Moses','407 Geoffrey Inlet','Alexanderbury','California','Cambodia','73235','695.690.6952x72261','+1-818-028-7445x74069','lortiz@hotmail.com',35),(45,'James','Jennings','Abbott Ltd','8940 Dyer Groves Suite 403','Port Sarahborough','North Dakota','Guinea','87183','(905)927-8214x7816','064-444-8360x221','bchang@miller-larsen.com',24),(46,'Wanda','Rogers','Zavala-Henry','4268 Stone Loaf','North Cherylville','Vermont','Tonga','07880','001-123-381-1502x24648','+1-978-116-4424x9931','john44@hotmail.com',49),(47,'Scott','Estrada','Skinner Inc','82375 Fuller Course','New Stephenland','Rhode Island','Micronesia','16900','(919)640-0069','022.806.9411','farmerdawn@rogers.com',50),(48,'Kyle','Carr','Jennings, Parks and Wright','9208 Robert Roads Suite 654','Jonesside','Maine','Haiti','03310','541.111.1525x14909','001-541-769-7569x937','ashleyenglish@yahoo.com',12),(49,'Sarah','Salazar','Richardson, Smith and Morales','4662 Oneill Spur Apt. 449','North Ross','Utah','Monaco','85381','(472)131-5905','+1-362-016-2157x9950','martindouglas@gmail.com',38),(50,'Ryan','Brewer','Tucker and Sons','5630 Knight Ramp','New Shannonberg','Massachusetts','Aruba','45339','001-899-610-8371x870','947-748-8081x58361','nguyenandrew@flores-contreras.com',40),(51,'Julie','Fox','Castillo Ltd','033 Joanna Heights','Evansborough','West Virginia','Gambia','58966','001-284-336-9710x19673','001-981-970-7694x926','peteryang@hotmail.com',42),(52,'Leah','Rodriguez','Garcia Inc','7036 Ramos Village','Allenport','Connecticut','New Caledonia','09884','234-209-2654x93278','(998)337-8577x320','dakotahall@gmail.com',28),(53,'Sierra','Ramirez','Patterson-Day','701 Norton Passage','Port Haleyville','Kansas','Guyana','16910','929.183.1867x6408','644.822.8521','qhamilton@yahoo.com',1),(54,'Michael','Miller','Davis-Lee','1460 Jennifer Ford','Noahview','Kansas','Guernsey','76483','(286)456-7714','001-930-763-3402x709','stephaniegarcia@gmail.com',30),(55,'Julie','Salazar','Gross LLC','457 Evans Ville Suite 921','South Matthewstad','Texas','Saint Kitts and Nevis','93162','001-919-183-4569x555','775.219.5080x1436','greenmason@day.com',12),(56,'Kristen','Patel','Martinez-Richardson','225 Robert Crescent Apt. 856','Port Tannerberg','Oregon','Guadeloupe','95021','910-464-1751','342.802.0545','michaelgonzalez@gibbs.net',40),(57,'Laurie','Williams','Sanders-Weber','8113 Flores Crest','Brianbury','Colorado','Hong Kong','99257','918.205.0385x6004','(607)195-7923x09813','crystalluna@yahoo.com',5),(58,'Veronica','Powell','Walker-Bailey','4810 Jennifer Wells','South Christyport','Nebraska','Indonesia','32699','077-443-6556','(283)980-8330x418','christopherwilliams@braun.com',43),(59,'Lisa','Barry','Mcdaniel, Becker and Burton','79845 Patel Creek Suite 413','Port Summershire','Delaware','Namibia','39566','(096)278-5171','743-023-5480','whitecollin@yahoo.com',50),(60,'Diana','Spencer','Moss LLC','00318 Monroe Squares','Tristanchester','North Dakota','Guyana','92009','274.642.2299','679.182.1232x462','donnanorris@gmail.com',10),(61,'Darryl','Johnson','Herring, Petty and Boyd','55322 Gibson Fall Apt. 414','South Amy','Missouri','Cape Verde','78076','864-008-5980x868','(189)900-0874','jordancummings@frederick-smith.info',8),(62,'Troy','Dougherty','Phillips, Hardy and Evans','5347 Jeanette Coves','South Ashley','Oklahoma','Cambodia','51576','+1-190-013-0863x8031','9699942359','jonathanreyes@gmail.com',7),(63,'Marc','Brown','White, White and Myers','880 Richard Summit','East Cynthia','North Carolina','Sudan','13887','+1-244-746-8947x28908','137.214.4359x136','gregory90@barnes.info',17),(64,'Steven','Fisher','Johnson LLC','608 Jacobs Mission Suite 276','New Scott','Wyoming','Japan','45936','001-854-554-3601x85798','+1-619-361-9867x78511','qallen@hernandez.com',47),(65,'Erik','Miller','Charles, Powell and Taylor','33882 Patrick Square','South Kariton','Washington','Cayman Islands','66488','(555)517-7010','586.576.0503x3094','michele09@gmail.com',24),(66,'James','Mitchell','Lozano-Hall','391 Gomez Row Suite 064','Gonzalezbury','Oregon','Austria','74220','754.508.0324x7825','372-476-2951x9280','aliciaromero@yahoo.com',2),(67,'Brandon','Allen','Berger, Brown and Burke','217 Darryl Route','Port Jessicafort','Vermont','Holy See (Vatican City State)','71527','(434)858-0295x0092','580-587-9328','barrettvictoria@edwards.biz',13),(68,'Richard','Wood','Booth-Calderon','4112 Stephanie Pike','East Anthonychester','Missouri','Lebanon','62415','249-303-4087x5424','698.947.7671x154','xgreen@marquez.com',4),(69,'Ashley','Carson','Harvey, Knight and Cox','10071 Brown Bridge','Samuelmouth','Rhode Island','Ireland','79993','(968)703-1115','(738)696-6831','bryantadam@patton.com',32),(70,'Natalie','Lewis','Collier-Bright','942 Ramirez Isle Apt. 913','Holmesborough','Illinois','Panama','42368','+1-809-487-8750x668','177-164-8174x171','snowlauren@gmail.com',22),(71,'Kelly','Mendoza','Houston, Patel and Estes','3850 Rhodes Rue','Robertsonhaven','Nevada','Puerto Rico','62222','747.278.9205','405.365.0047x111','marcus74@yahoo.com',44),(72,'Isabel','Valdez','Kemp, Gonzalez and Wyatt','253 Jennifer Creek','Dominicview','Nebraska','Netherlands','85330','+1-209-870-1062x419','(296)275-3605x06984','kim94@santana-harrison.org',22),(73,'Michelle','Mack','Foster, Chung and Lewis','7681 Chapman Cape','Smithland','Kentucky','Mauritius','36579','4970196990','325.724.6048','mullenjames@garza.net',32),(74,'Tami','Avery','White, Thompson and Barr','0487 Hammond Summit','Meltonfurt','Iowa','Guinea','13298','631.599.6429x82393','664-857-9553x22936','djohns@green-hanson.com',36),(75,'Mary','Jordan','Bradshaw Inc','6156 Julie Squares Apt. 531','Reginaldtown','Oklahoma','Indonesia','95174','(186)494-3720x013','+1-886-667-5094','crystal97@newman.net',24),(76,'Michael','Smith','Robinson, Brown and Santos','4033 Johnson Crossing Suite 159','Jamesfurt','Mississippi','Guadeloupe','70135','(857)564-3490x8056','(671)774-8715x673','laura91@hotmail.com',26),(77,'Nicole','Flores','Wade, Hansen and Coleman','476 Hess Flats','Tinaville','Iowa','Djibouti','30922','3009750408','1943226608','brittany10@yahoo.com',27),(78,'Sara','Torres','Mays-Stevenson','371 Randall Neck Apt. 224','East Victorberg','Florida','Palestinian Territory','76995','(042)413-3650','+1-141-652-5977x881','tbradshaw@tran.com',20),(79,'Rita','Skinner','Myers-Carter','88972 David Loaf Apt. 706','North Lisachester','Georgia','Lithuania','60578','7628682099','001-023-832-5230x21309','garciajoann@ruiz.com',50),(80,'Dylan','Hall','Harrington-Wade','4178 Santos Drive','Port Alexandriaside','Virginia','Fiji','83578','1041414452','8199860916','qmartin@hotmail.com',2),(81,'Michael','Bishop','Moore-Hill','3534 Johnson Street','Masonshire','North Carolina','Faroe Islands','84178','001-199-132-4483x6460','874.219.5705','cconrad@yahoo.com',50),(82,'Karen','Morales','Valenzuela and Sons','904 Corey Island','Adamfurt','Ohio','Philippines','80810','+1-734-900-3542','096.567.1927','tsanchez@reynolds.com',37),(83,'William','Sandoval','Hickman Inc','0076 Morrow Gateway Apt. 961','Charlesville','Delaware','Botswana','12272','580.963.4152x46915','+1-484-434-8131','rebeccasmith@larson.com',12),(84,'Alyssa','Hernandez','Cantu, Jimenez and Townsend','0017 Wall Square','Gracetown','Mississippi','Macedonia','44773','(279)417-9676','142.067.4633x823','christopher65@gmail.com',48),(85,'Joseph','Brooks','Burns, Weber and Cooper','5516 Ortega Shores Apt. 622','Scottton','Colorado','Croatia','17956','064-773-5187x09274','4662584921','kramos@yahoo.com',6),(86,'Christine','Sanchez','Morgan-Cohen','5618 Richard Mountain Suite 964','East Robert','Florida','Bouvet Island (Bouvetoya)','05834','302.189.5896','(556)727-7748','hughesjason@hotmail.com',20),(87,'Tammy','Webster','Lee, Rodriguez and Holt','012 Sharon Lodge','Thomaschester','Minnesota','Anguilla','87452','+1-937-502-4506','+1-806-321-9499x39689','loweryjohn@gmail.com',12),(88,'Joyce','Dixon','Bennett-Bishop','65951 Mike Island Suite 584','Jenniferstad','New York','Palestinian Territory','85077','438-790-3461','448-791-9800x5579','lgarcia@holden.biz',15),(89,'Nicholas','Robbins','Carter Group','9244 Jose Vista','Mullinsfurt','Wisconsin','Peru','14440','(296)665-1452x318','(009)542-2216x06063','kennethspencer@clark.com',49),(90,'Kelsey','Wallace','Skinner Inc','58952 Kayla Light Suite 021','New Jenniferhaven','Vermont','Mayotte','42421','(807)070-2383x2630','154.517.8071x1900','iadkins@turner-duke.com',17),(91,'Jose','Carter','Webster, Henderson and Cunningham','6087 Walker Unions','Allisonmouth','South Dakota','Mozambique','95672','+1-867-899-4797x44688','159-816-1152','vbrown@hotmail.com',28),(92,'Monica','Marshall','Gonzalez LLC','10967 Pamela Well','South Robertbury','Wyoming','New Caledonia','74501','0095041142','003-210-3289','delacruzmark@hotmail.com',46),(93,'Matthew','Aguilar','Short, Garcia and Jones','681 Stephen Cliffs','Russoville','West Virginia','Denmark','45075','001-220-359-1893x427','195.899.1895','carla51@harper.com',34),(94,'Monica','Roman','Watts LLC','152 Kyle Way Suite 609','Lake Charles','New Hampshire','Antigua and Barbuda','75667','+1-017-693-5170','001-123-414-1891x05654','fsmith@gmail.com',30),(95,'David','Evans','Jones PLC','5974 Mejia Lodge','Port Jonathon','Alaska','Burkina Faso','52576','(661)522-9303x96505','729-994-2917','helliott@yahoo.com',7),(96,'Stephanie','Lucas','Kelly-Franco','4696 Collier Knoll Apt. 683','North Brandi','Minnesota','Bosnia and Herzegovina','58508','655.104.1251x18671','001-077-404-0041x3482','roseklein@hotmail.com',2),(97,'Mary','Bell','Santana-Estes','2588 Cruz Plain Apt. 415','South Charlesfort','Ohio','Lao People\'s Democratic Republic','03874','802-775-3121','182.950.8061x153','amanda45@hotmail.com',49),(98,'Michelle','Martinez','Brown, Bernard and Combs','08627 Darin Via Apt. 252','North Patrickview','Georgia','Kazakhstan','65326','+1-151-918-3392x021','793.764.5447x90517','tammy33@gmail.com',19),(99,'Kathryn','Barber','Perez, Rocha and Murphy','57916 Wade Via Suite 110','Catherinefort','Illinois','Rwanda','01439','1360313021','1841046863','gonzalezjennifer@alvarez-martinez.com',50),(100,'William','Williams','Jones, Jacobson and Fernandez','127 James Rest','Seanmouth','Georgia','Tokelau','42419','(216)614-6160x14176','928.394.8656x76221','amber46@gmail.com',31),(101,'Michael','Brown','Harris-Carey','80407 Wilson Brooks','New Adam','Tennessee','Maldives','66027','001-144-458-6490','(821)386-5986x2649','georgecallahan@gmail.com',13),(102,'Angel','Park','Ruiz, Hayes and Morales','738 Evans Junction Suite 758','Gloverville','New York','Brazil','16221','3797931314','730-270-0139','zwilson@monroe.com',46),(103,'Jordan','Jenkins','Ponce, Jones and Smith','897 Mahoney Branch Suite 598','Wendystad','California','Sweden','35111','001-015-767-1775x5213','427-671-1886','rhall@rodriguez.com',43),(104,'Robert','Stanley','Graves, Clark and Fuentes','18394 Wallace Mountain Apt. 042','Penashire','South Dakota','Trinidad and Tobago','82799','059-271-8692x9210','(528)505-8224','victoriahall@gmail.com',6),(105,'Brandi','George','Townsend-Austin','07044 Russell Parks Apt. 127','North Lisaland','Indiana','Jersey','76647','+1-836-998-2887x616','770.113.3469','rodriguezdana@mercado.org',18),(106,'Denise','Sparks','Baker-Reyes','624 Patricia Inlet','South Juliaton','Alabama','Micronesia','58907','(942)939-2466','663.273.6628x6422','thomaskim@yahoo.com',1),(107,'Kayla','Holloway','Carlson and Sons','677 Katrina Key Apt. 310','South Joechester','Massachusetts','Monaco','38629','+1-170-053-8458','927-781-5526x9583','smithmatthew@juarez.com',44),(108,'Elizabeth','Evans','Hernandez Group','1905 Denise Plains','New Amanda','Utah','Mayotte','93213','(450)748-4887','020.752.4409','carterjesus@gmail.com',23),(109,'Michael','Black','Duncan LLC','605 Roy Street','Port Kaylaport','Mississippi','Oman','40393','(557)144-2005','693-214-7351x37865','shawnpeterson@yahoo.com',7),(110,'Tracey','Hart','Moreno Inc','6332 Denise Junction','Michelleborough','Massachusetts','Ukraine','55071','(604)182-6369','086.102.3691x3518','shawngriffin@weiss.com',41),(111,'Geoffrey','Green','Long-Cline','84418 Jones Unions','Palmerview','Nebraska','Italy','09444','(389)646-3815x468','+1-295-359-7957','susan32@yahoo.com',22),(112,'Angela','Garcia','Roman, Hernandez and Lee','18998 Washington Mews Apt. 629','Farrelltown','Alabama','Madagascar','95568','(404)953-9014x27870','021-010-4412x2192','klawrence@hotmail.com',11),(113,'Logan','Sanchez','Ramos, Warner and Palmer','508 Timothy Viaduct','Jameschester','Kentucky','Georgia','31205','001-556-834-1832x75193','695.146.8643x3275','felicia07@gmail.com',35),(114,'John','Hicks','Drake PLC','0264 Hernandez Extensions Apt. 661','Lake Melindaport','Alabama','Samoa','57564','608-873-3273x22712','(842)762-6604x395','kevin41@yahoo.com',40),(115,'Sarah','Baldwin','Brown Ltd','235 Robin Club','Port Jessicafort','New Mexico','Ireland','28635','433.472.6527x589','001-738-027-4674','richardelliott@hotmail.com',22),(116,'Eduardo','Mitchell','Walsh and Sons','46452 Newman Field','South Tanya','Nevada','Ireland','73607','(926)831-6729x48455','(395)781-6201x257','kterrell@gmail.com',25),(117,'Joseph','Thompson','Bishop, Hicks and Davenport','93419 Jennifer Locks','Lake Danny','Missouri','Philippines','69145','(789)510-9847','+1-109-336-8878x14286','williamwilson@gmail.com',39),(118,'Dominique','Sanchez','Bennett, Dixon and Davis','4638 Ebony Stravenue','West Danny','South Dakota','Western Sahara','32285','+1-017-446-1950x1593','001-197-048-3894','raydarren@evans-hernandez.net',2),(119,'Jacob','Thomas','Christensen-Johnson','8160 Gill Villages','Lutzland','North Dakota','Liechtenstein','63558','939.882.7566x3336','(115)329-2055x7680','joshuamccormick@williams.biz',7),(120,'Robert','Munoz','Lopez-Pena','246 Tyler Estate','Stevensview','Oregon','Mauritius','80503','877-462-9557','+1-404-918-2395','mosscarlos@yahoo.com',34),(121,'Ashlee','Callahan','Shelton Inc','86887 Holt Gateway Suite 197','West Andreaside','Minnesota','Syrian Arab Republic','45651','3086075292','022-998-5560x962','brendabrooks@gmail.com',5),(122,'Melissa','Martinez','Cole, Costa and Duke','9234 Blanchard Manors Suite 295','Bethhaven','South Carolina','Zimbabwe','64338','774.479.1921','+1-954-325-0969x03981','tammy85@massey.com',24),(123,'Sarah','Davis','Montoya-Bell','4871 Burke Road','Jenkinsmouth','New Mexico','Sweden','30860','412.920.4894','+1-658-639-0836x508','smithkirk@robinson-lowe.com',16),(124,'Tina','Allison','Cordova-Turner','19734 Gutierrez Corner','East Christine','Minnesota','Heard Island and McDonald Islands','29481','3109069198','510.946.2188x547','colejacqueline@jones.com',10),(125,'Timothy','Tapia','Ayala-Patterson','32283 Paul Village','North Michael','Wyoming','Uruguay','74740','+1-913-287-0992x94057','648-531-8712x5607','ianbarr@taylor.net',7),(126,'Mary','Diaz','Johnson Inc','962 Bush Course Apt. 436','Simpsonside','Illinois','Croatia','11851','+1-973-282-7341x6499','(879)974-0233','qjennings@holmes.biz',28),(127,'Pamela','Hall','Levine, Riley and Gonzalez','844 Anthony Burg','Lake Richard','New Mexico','Reunion','92241','001-123-103-6047x139','+1-969-442-4908','sscott@thomas.com',23),(128,'Phillip','Rubio','Ford-Jones','4377 David Creek Apt. 052','Blankenshipberg','New York','Anguilla','70541','208-771-7803x942','952.093.3103x3824','brian18@hotmail.com',14),(129,'Melissa','Thomas','Adams PLC','863 Debra Way Suite 935','Port Anthonyport','Washington','Singapore','41922','386.994.9318x637','057.400.5146x83457','jonathan09@hotmail.com',42),(130,'Charles','Caldwell','Daniels LLC','0888 Julie Pines Apt. 080','Lake Anthony','Kentucky','Algeria','31221','+1-812-280-1589x8676','(882)934-6133','egray@yahoo.com',10),(131,'Lauren','Hammond','Hall-Warner','5494 Harris Overpass','Port Charles','Arizona','Korea','89550','3894380962','327-085-4096','lozanokatherine@henry-villegas.com',19),(132,'Gregg','Lopez','Jackson, Mathis and Howard','5012 Fisher Knolls Apt. 717','Lake Briannamouth','Utah','Kenya','96373','(086)912-1332x71409','001-871-792-6618x167','angela48@aguilar.com',10),(133,'Lisa','Weeks','Davenport-Graham','529 Rogers Meadows','Fordburgh','New York','Niger','68191','634.347.7385x805','(258)676-3728x4238','amoreno@mclean-buck.biz',45),(134,'Christine','Morales','Stanley Ltd','82021 James Station','West Jessicaport','Hawaii','Bulgaria','89973','644-914-9216x310','489.594.1367x9495','timothymccann@rodriguez-palmer.com',18),(135,'Robert','Moran','Roman LLC','4479 Edwards Turnpike Apt. 040','North Theresahaven','Florida','Djibouti','73413','158-625-2161x5370','(646)240-6663','mpope@yahoo.com',38),(136,'Hunter','Conway','Robertson, Smith and Carr','15705 Davis Land Apt. 838','Lake Marystad','South Carolina','Turkey','96692','001-604-543-5276x31845','(392)171-2395x13865','shannon72@hotmail.com',35),(137,'George','Sullivan','Mitchell, Anderson and Watson','65132 Hartman Loaf','South Christopherfurt','Illinois','Senegal','77688','001-107-093-9676x15903','+1-452-524-6709x4453','victor00@hogan.com',11),(138,'Jasmine','Owens','Bonilla, Munoz and Hill','5517 Michael Fall','West Jasonberg','Louisiana','Vanuatu','37246','(973)449-2551','(481)058-9784x2099','esmith@gmail.com',17),(139,'Matthew','Joseph','Henderson, Riley and Schroeder','04573 Leah Crescent Apt. 925','South Brianna','Nevada','Saint Vincent and the Grenadines','67427','(508)703-5296','+1-034-961-9091x97125','gomezcynthia@lambert.org',46),(140,'Robert','Church','Buckley, Robbins and Johnson','71466 Barry Mill','New Craig','Idaho','Belarus','56742','023-748-8382x65932','9634954399','ajones@gmail.com',34),(141,'Whitney','Rasmussen','Parsons, Mosley and Johnson','0213 Vargas Dam','Powersport','Wisconsin','Algeria','45532','001-563-284-8972x682','(370)067-1654','uanderson@strickland.info',3),(142,'Robert','Miles','Adams and Sons','66615 Gonzalez Court','Mooreside','California','Tunisia','83598','+1-951-403-1737x306','273.072.4338x90913','samanthagreen@mitchell.org',2),(143,'John','Franco','Perkins PLC','4842 Yesenia Bypass Suite 255','New Ana','Alaska','Lao People\'s Democratic Republic','46275','457.515.2096','001-907-103-1598x8861','kimberly97@gmail.com',34),(144,'Robert','Pacheco','Campbell-Norris','0719 Holden Crescent','Sextonshire','Rhode Island','Kyrgyz Republic','46721','5650537283','001-516-111-1878x59543','lauraparker@yahoo.com',32),(145,'George','Mason','Kirby, Hill and Holmes','9291 Michael Curve','Ellisonmouth','Indiana','Indonesia','82541','+1-137-749-8351x4134','(530)523-6302x0469','dosborne@hotmail.com',49),(146,'Kimberly','Smith','Robinson, Brooks and Garrett','663 Landry Crest Suite 752','Lake Kimberly','Georgia','Australia','17829','001-828-307-3623x697','415-948-7761x3527','pamelamann@oliver.com',7),(147,'Melinda','Dixon','Robinson PLC','0657 Jonathan Trace Apt. 822','Port Marytown','Wyoming','Bahrain','53889','901.351.9725x733','+1-052-658-2792x6091','kevin66@yahoo.com',23),(148,'Jessica','Marks','Sanchez PLC','8348 Walker Stream','South Christopherside','Alabama','Ethiopia','53130','(585)595-3374x61263','+1-758-569-4935','rayjennifer@gmail.com',41),(149,'David','Horton','Patterson-Rice','3421 Sean Pass','Joeville','Wisconsin','Morocco','34318','4323636289','510-063-2379','barbaramoreno@yahoo.com',45),(150,'Jason','Logan','Rodriguez Ltd','47855 Graham Dale','Gardnerville','North Carolina','Sierra Leone','34574','719-485-7715x729','(649)182-9629x4893','johnsonmary@yahoo.com',28),(151,'Kelly','Mcdonald','Glover and Sons','2389 Ryan Crossroad','New Cassandra','West Virginia','Mongolia','60907','001-066-497-0032x57673','+1-851-449-0965x7566','katrina61@yahoo.com',22),(153,'Sharon','Solomon','George, Taylor and Hopkins','3822 Thomas Manor','South Kristine','Washington','Saint Pierre and Miquelon','12489','001-140-945-2554','+1-094-117-0811x354','judybaldwin@yahoo.com',50),(154,'Martin','Medina','Sheppard Inc','881 Jaime Stravenue','West Benjamin','Mississippi','India','11966','(685)052-8220','335.089.6173x475','srowe@gallagher.com',23),(155,'Jeffrey','Smith','Fitzpatrick PLC','09561 Collins Mission Suite 207','New Tammy','Illinois','Poland','92540','001-278-458-4063x385','001-521-690-1512','bglenn@hotmail.com',26),(156,'Christine','Mueller','Cox, Price and Wells','947 Brown Road Apt. 405','West Jenniferborough','Hawaii','Mauritania','37931','914-553-7329x857','946.987.2996x85634','wheelererika@hotmail.com',2),(157,'John','Ball','Fuentes-Douglas','1767 Pamela Ways Apt. 900','Jerryport','Arkansas','Saint Helena','55545','(674)485-2828x09992','143.300.8297','ruthjohnson@glover.org',32),(158,'Micheal','Armstrong','Moore, Mcclure and Simpson','767 Landry Burgs Apt. 018','New Melanie','Arizona','Benin','31912','(794)538-8728x94890','439-505-6709','rossheidi@hotmail.com',10),(159,'Anna','Meyers','Caldwell Ltd','94057 Richmond Harbors Suite 753','South Teresastad','South Dakota','Turkey','59539','147.942.3180','0520654176','dennismegan@peters-stewart.com',4),(160,'Hannah','Thompson','Cruz Ltd','720 Cheryl Fork','North Katieberg','Maine','Iceland','48635','001-479-472-0657x73475','371-521-8728x9935','cynthia56@jefferson.net',42),(161,'Linda','Johnston','Thompson PLC','10037 Martinez Mall','South Michelle','California','Trinidad and Tobago','76342','+1-724-154-8625','(765)968-4235x33070','michelle58@yahoo.com',36),(162,'Scott','Johnson','Guerrero-Huber','01180 Smith Highway Suite 804','Toddbury','Hawaii','Togo','82822','(775)155-6580x10974','313-195-7966x2542','michaelthomas@hotmail.com',15),(163,'Sara','Collins','Nelson LLC','0595 Laura Parkway','East Tracifort','Louisiana','Madagascar','58490','774-548-9442x995','001-532-781-3115x7920','laceyjackson@mejia.com',21),(164,'Megan','Rowe','Williams, Rasmussen and Robinson','561 Nichols Plaza Suite 506','North Brian','North Dakota','Saudi Arabia','33331','996-944-5142','505-169-2732x30106','travis64@hotmail.com',9),(165,'Joshua','Cox','Yang Ltd','049 Andrew Avenue Apt. 367','North Timothyburgh','Colorado','Syrian Arab Republic','56307','017.443.4161','001-884-760-8378','swilliams@gmail.com',44),(166,'Nicole','Alvarez','Griffin Ltd','136 Cohen Spring','Matthewmouth','Pennsylvania','Thailand','10364','+1-226-084-8143x30177','(563)490-2258x1993','kaitlinlee@evans.com',27),(167,'Jesse','Spencer','Moore LLC','2724 Gonzales Pines Suite 525','Cindyborough','Louisiana','Palestinian Territory','62999','(370)596-0693','+1-856-729-2697','andersonjoyce@jackson.com',25),(168,'Samuel','Brown','Collier PLC','1334 Scott Fords','East Dianefort','Nebraska','Kyrgyz Republic','14311','243-982-9338x1066','384.905.3912','jonesjennifer@russell.com',12),(169,'Denise','Curtis','Hunter, Chen and Lowery','1662 Hicks View','North Pamela','California','Honduras','72981','498.078.0022x43546','813.066.2698','fullermarie@reed.com',34),(170,'Debra','Martin','Hernandez Group','8343 Michael Unions','Franktown','Ohio','Hungary','54910','(869)790-6092x006','+1-505-522-7521x488','wroberts@hotmail.com',33),(171,'Robert','Mclaughlin','Washington, Garcia and Shaffer','8414 Kevin Landing Suite 210','South Steven','Maryland','Dominica','47773','333-570-4356','793.187.9868x29607','david94@yahoo.com',47),(172,'Shelby','Bailey','Golden, Garcia and Anderson','7237 Lee Road Apt. 687','East Sophia','New Jersey','Zimbabwe','52498','001-279-391-8489','+1-043-010-5895x3998','kennethmathis@thompson.com',9),(173,'Kayla','Curtis','Moran-Pineda','0035 Nathan Tunnel Apt. 158','North Dale','Maryland','Mexico','32239','(171)659-6146x57449','346.508.3880x7277','cnielsen@yahoo.com',19),(174,'Kelly','Cole','Contreras Ltd','41315 Elizabeth Trafficway Suite 343','Port Kaitlyn','Idaho','Rwanda','46238','580-398-6756x3578','001-937-569-5479x4276','bbarnes@hotmail.com',2),(175,'Stephanie','Price','Little-Rhodes','42336 Riddle Circle Apt. 987','Smithland','Utah','Hong Kong','92753','923.101.8327x68209','141-494-4458','roachjimmy@yahoo.com',35),(176,'Brooke','Elliott','Carroll, Evans and Ellison','26470 Lara Place Suite 552','Leonardmouth','Washington','Lithuania','58670','001-340-347-6685x0073','(283)090-2876','joseph37@hotmail.com',25),(177,'Philip','Lin','Young, Thomas and Salazar','182 Jessica Lake Suite 688','Kyleview','Nebraska','Belize','69446','716-436-5756x55368','(319)727-3962x8026','hopkinstoni@mcfarland.biz',19),(178,'Robert','Velasquez','Thomas, Vaughn and Moore','4890 Reynolds Harbor Apt. 143','New Alyssaberg','Wisconsin','Congo','30303','001-299-269-6551x37048','896.441.4543','edwincuevas@yahoo.com',47),(179,'Erica','Bennett','Potter, Solomon and Nelson','00974 Aguirre Vista','North Haileymouth','Michigan','Monaco','46859','3019942723','9537464625','singletonjonathan@hotmail.com',33),(180,'Dana','Martinez','Mitchell, Long and Stout','96170 Justin Run Suite 515','Blanchardview','Maine','Thailand','07063','148-608-2123','033.779.8983','cameronroberts@gmail.com',23),(181,'Patrick','Thornton','Payne Ltd','40169 Benjamin Locks','South Richardport','New York','Turks and Caicos Islands','14561','501.627.6834x68910','980-906-8205x86187','browngregory@yahoo.com',16),(182,'Jose','Rice','Strong-Smith','12698 Hansen Cliffs Suite 174','South Jason','Kentucky','Vietnam','86926','001-759-324-8011x2483','3818652121','awilliams@peters.biz',3),(183,'Kristina','Perez','Holmes-Johnson','915 Tammy Mall','East Kimberly','Indiana','Ecuador','38287','2808913807','001-525-044-3292','elopez@brown.biz',40),(184,'Oscar','Newman','Watson PLC','3034 Stewart Spring Apt. 839','East Scott','Oregon','Bahamas','36341','702.862.7586','028-201-2795x39570','susan18@hotmail.com',39),(185,'Christy','Simmons','James, Nelson and Schultz','27631 Brooke Course Suite 294','Rhodesshire','Oklahoma','Lebanon','98419','7479332389','(909)799-0629x3488','hughesrobert@yahoo.com',13),(186,'Matthew','Jones','Harrison-Herrera','5220 Figueroa Plains','North Michael','Kansas','Kiribati','21860','411-762-3935x561','001-743-080-6288x29937','jphelps@garcia.info',43),(187,'Danielle','Crane','Harrell-Austin','15300 Kerri Ridges','Michellefort','Michigan','India','78057','001-443-646-7805','001-262-278-0014','kara56@gmail.com',17),(188,'Erica','Richardson','Garcia, Mckee and Johnson','01446 Justin Station','Hoffmanborough','Missouri','Guinea','84319','527.028.1320','+1-642-838-3987x8655','daniel08@reeves-yates.com',1),(189,'Aaron','Ramos','Nichols-Martinez','00097 Oconnor Street Suite 116','Kristenburgh','Maryland','Marshall Islands','52487','420.364.6069x51750','609-422-9642x3067','schmittamy@yahoo.com',41),(190,'Samuel','Villarreal','Johnson, Martin and Jones','261 Castro Crossing Suite 771','Masonfort','Vermont','United States Minor Outlying Islands','88929','510-312-3208x57912','001-484-047-2361','zacharyalvarez@yahoo.com',24),(191,'Lynn','Harris','Bryant, Alvarez and Webb','6133 Robin Radial','North Matthew','Illinois','Madagascar','79572','001-129-758-0326','537.632.9700','william25@yahoo.com',5),(192,'Stephen','Sanchez','Zimmerman, Johnson and Moody','7912 Lucas Bridge Apt. 827','Smithhaven','Illinois','Bhutan','81431','+1-858-144-7016x125','+1-284-723-4193x96102','roseduane@hotmail.com',31),(193,'Peter','Lewis','Jackson LLC','98533 Sara Fort','Port Samantha','New Jersey','Guernsey','96315','879.914.7511x707','+1-915-257-6174','ryanrodriguez@dickson-sanders.net',48),(194,'Lori','Nichols','Gonzalez Inc','6449 Stephen Greens','East Anthonyside','Maine','Turkey','02812','996-818-7749','177.664.0304','gali@hotmail.com',3),(195,'William','Edwards','Price PLC','9689 King Mill Suite 216','Port Michael','Arizona','Kyrgyz Republic','33146','146.383.1773x6837','+1-271-150-2251x04992','margaretcarey@johnson.biz',48),(196,'Heather','Rice','Murphy, Burnett and White','93152 Zachary Estate Apt. 069','North Tyler','Connecticut','Norway','14149','(264)149-4874','453-004-1265','jerry96@hotmail.com',3),(197,'Anna','Morgan','Moore-Mcfarland','48890 James Well','East Rhonda','Ohio','Ghana','57561','+1-412-959-8904','001-993-883-8230x54865','hannah14@hotmail.com',47),(198,'Christina','Smith','Baker LLC','8549 Callahan Dale Apt. 835','South Marissa','New York','Antigua and Barbuda','34008','(599)426-1072x2085','026.469.6486x866','popejoshua@myers-cox.com',33),(199,'Erin','Weiss','Coleman, Mcgee and Stone','71578 Erica Lights Apt. 791','Gloriastad','Colorado','Lithuania','01103','001-926-756-1997x4226','(490)944-9440','mark55@miller.com',44),(200,'Lisa','Taylor','Jennings PLC','1360 Hammond Freeway','West Gabriela','Pennsylvania','France','86479','001-948-196-9166x314','4868057165','kendra01@yahoo.com',50),(201,'Julia','Hale','Valenzuela-Martin','778 Daryl Lake','North Matthew','Tennessee','Jersey','63618','001-326-412-5413x00256','(048)185-7713x47216','jennifer57@yahoo.com',48),(202,'Barbara','Harris','Mcguire-Mann','561 Dougherty Summit','Keithmouth','Minnesota','Belgium','67899','+1-353-627-8137x22721','(217)430-0058x793','ruizbrian@brown-payne.com',22),(203,'Ruth','Rodriguez','Richards-Swanson','9520 Miller Street','Danaville','California','Isle of Man','23405','(368)885-0969x33508','342-871-6456','ehamilton@luna.com',26),(204,'Andrew','Daniel','Harris PLC','8971 Catherine Land','Richardshire','South Dakota','Micronesia','23808','(911)861-6851x92708','+1-368-559-6764x75609','heather63@castro-evans.com',2),(205,'Scott','Ramirez','Wilcox Group','96165 Hall Corner Apt. 920','Davidberg','Oklahoma','Malta','35493','001-567-267-8804x7787','+1-331-741-3450x90793','timothyvargas@gonzalez-taylor.com',20),(206,'Felicia','Mcconnell','Nguyen LLC','70366 Fernando Fields','Dakotatown','Delaware','Netherlands','34652','615-115-2774','8226466055','becky10@hotmail.com',8),(207,'William','Watson','Collier-Griffin','151 Courtney Squares Suite 369','Dennisbury','Oregon','Turkey','40864','(017)476-2580','148.843.6819x59569','nmclean@whitehead.org',23),(208,'James','Thomas','Kramer-Hill','280 Rush Squares Apt. 715','Timothybury','Connecticut','Reunion','49791','239-283-0096x59570','+1-181-619-4140x4631','robert06@wall.com',8),(209,'Chris','Adams','Roth Ltd','58536 Brandon Ford','Mcgeeside','Rhode Island','Kyrgyz Republic','14594','(975)424-1979','5229091075','ashley18@hill.com',27),(210,'John','Lang','Fuentes-Escobar','525 Chapman Route','Holderport','Nevada','Luxembourg','95181','(147)436-3672x37234','001-265-597-2372x5760','jennifer66@hotmail.com',32),(211,'Christopher','Smith','Ramirez, Chase and Clarke','23541 Alvarado Fall','Dorseyside','West Virginia','Albania','57729','(226)615-1720','+1-272-066-1458','djackson@yahoo.com',5),(212,'Jonathan','Lewis','Evans, Riley and Lee','271 Marie Ridges','West Crystal','Washington','Guinea','12292','647-971-6758x325','495-118-5949','matthewmann@norton-harris.com',42),(213,'Aaron','Cox','Cook-Butler','90483 Soto Knoll Suite 980','Thomasburgh','South Dakota','Estonia','22412','+1-864-423-2772x2921','264-414-3426','vanessafrazier@cohen-campbell.com',46),(214,'Margaret','Martin','Harris, James and Diaz','05519 Fitzgerald Terrace','Lake Kyleport','Hawaii','Isle of Man','00561','087-925-5062x5821','409.220.6493x9984','davidvega@gmail.com',18),(215,'Ryan','Jones','Nelson-Lee','008 Peterson Square','Delacruzmouth','Delaware','Cyprus','69698','+1-377-799-4124x38320','001-858-6034x8068','lindsey30@terry.com',10),(216,'Sergio','Williams','West and Sons','3998 Amy Garden','Markfurt','New Hampshire','Malta','91537','317-555-5011','549-617-6129x758','peterboyd@williams-harrell.com',1),(217,'Emily','Cruz','Reyes-Juarez','431 Porter Extensions','New Morgan','Alabama','Isle of Man','42591','+1-397-577-7069x6235','(522)910-1048x896','anncummings@morrison.biz',12),(218,'Don','Gardner','Schroeder, Tucker and Fletcher','254 Jason Ford Apt. 176','Lake Maria','Delaware','Kiribati','58187','303-321-9596x17652','206.466.6158x38185','charlesbrown@yahoo.com',47),(219,'Mitchell','Hill','Cowan Group','6582 Reynolds Parkway','Yodershire','Iowa','Papua New Guinea','10449','343-463-6714','+1-889-324-7731x07124','anthony75@gmail.com',22),(220,'John','Turner','Hood, Peters and Mitchell','7875 Hanna Plain Suite 431','Rodriguezchester','Montana','Palestinian Territory','12824','001-054-807-7446','(185)735-8014','mallorychristensen@hicks.com',38),(221,'Stephanie','Vasquez','Henry, Robinson and Wolf','37428 Saunders Common','North Timothy','Minnesota','Japan','56740','+1-309-801-6437x925','908.673.8197x2187','kbeck@rodriguez-brown.com',29),(222,'Lorraine','Day','Andrews-Allen','7989 Aguilar Bypass','West Michaelbury','Mississippi','French Southern Territories','30811','+1-370-370-0100x60186','3446517073','mauricejackson@white-brown.info',19),(223,'Jose','Saunders','Thomas Inc','8214 Scott Streets','Jordanside','Pennsylvania','Montenegro','75954','989-208-9229','7943504077','meganbraun@fox-le.biz',44),(224,'Andrew','Torres','Schroeder-Cox','18909 Drake Plains','Brittanyberg','New Mexico','Swaziland','53852','+1-330-628-4824x6863','001-799-185-8111x6707','olsonelizabeth@harrison.info',45),(225,'Martin','Crawford','Hicks-Wyatt','329 Valencia Cliffs Suite 499','North Brad','Montana','Norfolk Island','80305','469.106.1137','+1-384-656-8050x60132','stephen86@gmail.com',44),(226,'Sierra','Stevens','Johnson Group','599 Robert Crossroad Apt. 820','New Davidfort','New York','Lithuania','36950','+1-386-277-4817x8554','903-155-7837','wongcarrie@fry-williams.com',30),(227,'Collin','Johnston','Joseph, Brown and Shaw','61430 Samantha Estate','Lindseyland','New York','Bosnia and Herzegovina','06252','969-987-7505x9442','4726096806','thomaswoodward@berger.net',38),(228,'Kurt','Short','Patterson, Harris and Elliott','034 Hernandez Locks Apt. 491','Lake Williamchester','Ohio','Mauritius','41626','001-993-153-1408x7292','193-403-3796','vharris@boyer-torres.net',44),(229,'Daniel','Grimes','Page, Gibson and Meadows','57575 Miller Way','North Andrewberg','Rhode Island','Greenland','55833','(777)465-6614x3176','001-777-601-7079','colemandenise@gmail.com',40),(230,'Amanda','Ponce','Miller, Murray and Barron','786 Tabitha Key','Campbellshire','Arkansas','Portugal','74506','+1-443-150-8562x4281','(443)602-6580','abrooks@gmail.com',10),(231,'Jeremy','Johnston','Montgomery-Brown','014 Mclaughlin Crest Apt. 460','Charleneport','Georgia','Congo','12300','334-957-0037x19079','001-183-430-4505','rhodeschristine@hotmail.com',5),(232,'Matthew','Bautista','Marquez LLC','20987 Roberts Alley','Port Steven','Kentucky','Saint Pierre and Miquelon','05453','+1-132-456-4958x094','+1-124-866-4913x709','huntmark@hotmail.com',50),(233,'Thomas','Fisher','Chan-Mahoney','446 Hodge Lights Suite 186','Lake Anna','New Jersey','Uruguay','39170','001-164-621-7551x272','+1-905-533-1044x798','jwashington@roberts-brooks.com',37),(234,'Diana','Morales','Foley-Abbott','31010 Allen Ramp','New Veronica','Virginia','Latvia','94946','033-818-6212','954-206-9820x1927','carolynmoore@martinez-johnson.org',30),(235,'Susan','Stone','Delgado-Carpenter','68588 Cindy Crossroad','Patrickchester','New Jersey','Turkey','52729','+1-733-908-1769','(002)660-7530x8836','oscarmacias@villegas.com',15),(236,'Tiffany','Guzman','White-Stone','96535 Ware Oval Apt. 251','Lake Tyler','Missouri','Iran','81385','627.349.6687','(396)198-9480x850','ysmith@yahoo.com',44),(237,'Bethany','Campbell','Garza-Cherry','409 Campbell Wells','Craigbury','Colorado','Kazakhstan','48280','800.218.1563','009-138-0859','bspears@roberts.com',36),(238,'Pedro','Cooper','Collins Ltd','2570 Melanie Hollow','Lake Chadshire','Idaho','Guernsey','70000','(911)158-8047','001-388-518-1818x5146','villarrealterri@yahoo.com',43),(239,'Melissa','Mooney','Wells-Wheeler','160 Brown Inlet Apt. 860','Lake Tamara','South Carolina','Thailand','07605','522-778-8571x5556','590-908-6548','shannonrivera@hotmail.com',44),(240,'Jacob','Bishop','Mills-Goodwin','4473 Scott Fall','Priceborough','Arkansas','Heard Island and McDonald Islands','82355','001-720-769-3946','771.757.1651','johnjackson@garcia.com',32),(241,'Jose','Solis','Aguilar PLC','9774 Robert Islands Apt. 119','Waltersstad','Missouri','Jordan','20772','(022)293-6052','001-653-674-0507x595','gordon26@wood.com',23),(242,'Jill','Lewis','Roy, Underwood and Mendoza','569 Miles Viaduct','Robertside','South Dakota','United States Virgin Islands','34459','(504)018-4646x40289','001-832-193-4850x5474','vthomas@castaneda-medina.com',11),(243,'Billy','Newton','Martin and Sons','2785 Lee Canyon','Jenkinsberg','Vermont','Cape Verde','39887','1988519409','0968705178','xjohnson@gmail.com',21),(244,'Tyler','Jones','Hernandez Group','5545 Gary Ways Suite 843','Port Markbury','Missouri','Turkey','85762','(745)073-4040x0889','597.108.5102','bryan41@gmail.com',26),(245,'James','Cook','Gray Ltd','4982 Wilson Turnpike','South Josephland','Texas','Jordan','24614','560-726-0554','338-746-7992x902','david47@hotmail.com',9),(246,'Shannon','Hall','Weaver-Greene','4618 Watson Motorway Suite 031','New Russellchester','Virginia','Benin','18291','807-107-4885x0995','001-344-497-9470x225','wolfcharles@jennings.com',28),(247,'Travis','Henderson','Smith LLC','16180 Gonzalez Isle Apt. 245','West Donald','Utah','Guatemala','97912','(686)224-6559','(676)342-7424x312','mstephens@gmail.com',7),(248,'Elizabeth','Nichols','Smith, Mccoy and Roberts','70480 Brown Landing','Lopezmouth','Texas','Gibraltar','36053','415-515-7099x2056','291.554.8749','eschwartz@cox.net',8),(249,'Johnny','Hudson','Cameron Inc','913 Timothy Fork Suite 971','East Kevinstad','North Carolina','Angola','97669','(046)505-1105','+1-330-901-6288','zmoore@gmail.com',38),(250,'Jason','Anderson','Bell Ltd','671 May Viaduct','Leeberg','Idaho','Comoros','85160','001-810-341-4419x408','001-028-287-0556x8519','cathyoliver@yahoo.com',25);
/*!40000 ALTER TABLE `customer` ENABLE KEYS */;
UNLOCK TABLES;

--
-- Table structure for table `employee`
--

DROP TABLE IF EXISTS `employee`;
/*!40101 SET @saved_cs_client     = @@character_set_client */;
/*!50503 SET character_set_client = utf8mb4 */;
CREATE TABLE `employee` (
  `EmployeeId` int NOT NULL,
  `LastName` varchar(20) CHARACTER SET utf8mb3 COLLATE utf8mb3_general_ci NOT NULL,
  `FirstName` varchar(20) CHARACTER SET utf8mb3 COLLATE utf8mb3_general_ci NOT NULL,
  `Title` varchar(30) CHARACTER SET utf8mb3 COLLATE utf8mb3_general_ci DEFAULT NULL,
  `ReportsTo` int DEFAULT NULL,
  `BirthDate` datetime DEFAULT NULL,
  `HireDate` datetime DEFAULT NULL,
  `Address` varchar(70) CHARACTER SET utf8mb3 COLLATE utf8mb3_general_ci DEFAULT NULL,
  `City` varchar(40) CHARACTER SET utf8mb3 COLLATE utf8mb3_general_ci DEFAULT NULL,
  `State` varchar(40) CHARACTER SET utf8mb3 COLLATE utf8mb3_general_ci DEFAULT NULL,
  `Country` varchar(40) CHARACTER SET utf8mb3 COLLATE utf8mb3_general_ci DEFAULT NULL,
  `PostalCode` varchar(10) CHARACTER SET utf8mb3 COLLATE utf8mb3_general_ci DEFAULT NULL,
  `Phone` varchar(24) CHARACTER SET utf8mb3 COLLATE utf8mb3_general_ci DEFAULT NULL,
  `Fax` varchar(24) CHARACTER SET utf8mb3 COLLATE utf8mb3_general_ci DEFAULT NULL,
  `Email` varchar(60) CHARACTER SET utf8mb3 COLLATE utf8mb3_general_ci DEFAULT NULL,
  PRIMARY KEY (`EmployeeId`),
  KEY `ReportsTo` (`ReportsTo`),
  CONSTRAINT `employee_ibfk_1` FOREIGN KEY (`ReportsTo`) REFERENCES `employee` (`EmployeeId`)
) ENGINE=InnoDB DEFAULT CHARSET=utf8mb4 COLLATE=utf8mb4_0900_ai_ci;
/*!40101 SET character_set_client = @saved_cs_client */;

--
-- Dumping data for table `employee`
--

LOCK TABLES `employee` WRITE;
/*!40000 ALTER TABLE `employee` DISABLE KEYS */;
INSERT INTO `employee` VALUES (1,'Johnson','Mark','General Manager',NULL,'1975-03-15 00:00:00','2010-01-10 00:00:00','101 Main St','New York','NY','USA','10001','555-1234','555-1235','mark.johnson@example.com'),(2,'Lee','Sophia','Sales Rep',1,'1985-06-20 00:00:00','2015-04-01 00:00:00','202 Broadway','Los Angeles','CA','USA','90001','555-2234','555-2235','sophia.lee@example.com'),(3,'Patel','Amit','Support',1,'1990-09-12 00:00:00','2018-06-15 00:00:00','303 Ocean Dr','Miami','FL','USA','33101','555-3234','555-3235','amit.patel@example.com'),(4,'Garcia','Susan','Engineer',NULL,'1982-11-12 00:00:00','2008-11-22 00:00:00','253 Duran Village Suite 861','Johnsonside','Oklahoma','Slovakia (Slovak Republic)','64104','019.495.6777','+1-963-407-9142x618','ginabrown@yahoo.com'),(5,'Jackson','Dana','Engineer',NULL,'1982-08-26 00:00:00','2015-11-19 00:00:00','42207 Anthony Via Suite 473','Lake Monica','Alabama','Guinea-Bissau','28576','-5344','(824)652-4149','qdavis@yahoo.com'),(6,'Peterson','Keith','Support',3,'1977-01-27 00:00:00','2019-12-24 00:00:00','598 Sarah Fall Apt. 729','Hornhaven','Utah','Panama','95918','-4178','(050)090-8138','tavery@gmail.com'),(7,'Carson','Paul','Manager',5,'1979-03-06 00:00:00','2007-08-29 00:00:00','6302 Steven Point Apt. 020','Sloanview','Rhode Island','Indonesia','37160','630.974.3694','(550)677-4163x571','allisonjohnson@smith.com'),(8,'Singleton','Susan','Support',2,'1988-03-08 00:00:00','2014-07-17 00:00:00','73887 Santos Tunnel','West Carlosshire','California','Paraguay','15444','2271559239','001-927-704-0325x98694','phillipstiffany@gmail.com'),(9,'Hernandez','Chelsey','Manager',2,'1992-10-21 00:00:00','2010-02-14 00:00:00','208 Wendy Fall Apt. 430','East Chadchester','Connecticut','Turkey','81901','(406)199-1169x89164','231.437.7668x9621','morrismichael@yahoo.com'),(10,'Brown','Chad','Sales Rep',2,'2002-05-19 00:00:00','2011-10-20 00:00:00','3598 Daniel Plain Apt. 265','Henryland','Tennessee','Saudi Arabia','55691','+1-701-779-6015x70988','(130)996-1771','omercer@krueger-phillips.net'),(11,'Ingram','Jennifer','Engineer',1,'1992-10-08 00:00:00','2010-01-12 00:00:00','6742 Garcia Pike Apt. 835','Lake Tylerchester','Tennessee','Germany','32699','2906265841','+1-852-410-1657x61054','brownjennifer@thomas-martinez.biz'),(12,'Johnson','Mark','Manager',1,'1998-01-27 00:00:00','2014-05-22 00:00:00','751 Christopher Island Suite 940','Bergtown','Georgia','Iran','09647','337.549.2149x46562','549.622.2203','benjamin17@johnson.com'),(13,'Sherman','Lisa','Sales Rep',1,'1988-02-08 00:00:00','2012-11-17 00:00:00','1911 Marc Corners','North Jason','Pennsylvania','Bahamas','62196','(436)616-5790','1370290346','adamsnicole@hotmail.com'),(14,'Castaneda','Eric','Sales Rep',2,'1975-03-02 00:00:00','2010-08-04 00:00:00','43329 Pitts Plaza','Howardberg','Tennessee','Luxembourg','32691','571.635.9928x776','-10650','johnmoore@hotmail.com'),(15,'Sloan','Clayton','Sales Rep',5,'1976-05-12 00:00:00','2014-01-15 00:00:00','3796 Rhonda Branch Apt. 458','Lake Jason','Virginia','Ethiopia','90876','+1-783-053-4383x3497','001-472-577-3063x136','michaelmills@hotmail.com'),(16,'Turner','Jamie','Manager',5,'1965-09-22 00:00:00','2013-07-06 00:00:00','261 Reyes Greens','Catherineshire','Wisconsin','Norway','28259','+1-082-196-4319x948','941-498-3461x20489','jeffrey68@stephens.info'),(17,'Lin','Anthony','Engineer',3,'1981-03-28 00:00:00','2013-08-02 00:00:00','460 Perez Forges Suite 903','Laurahaven','Wisconsin','United Arab Emirates','23431','491-230-4037x89179','(951)472-5850','dhunt@hotmail.com'),(18,'Gomez','Fernando','Engineer',1,'1989-08-01 00:00:00','2013-02-09 00:00:00','1320 Mcclure Fords Apt. 297','Christopherburgh','Texas','Armenia','89600','(371)127-9202x6485','476-618-8911x7289','ruizcarrie@hotmail.com'),(19,'Spears','Cindy','Sales Rep',4,'1991-11-07 00:00:00','2013-02-02 00:00:00','59465 Thomas Row','East Gregory','Arizona','Suriname','25281','001-193-613-4299x028','(423)515-2662x18018','imcclure@gmail.com'),(20,'Lewis','Holly','Engineer',3,'1980-12-16 00:00:00','2016-01-28 00:00:00','11035 Jim Island Suite 154','South Tara','Utah','Czech Republic','29298','+1-600-919-1600x211','001-938-524-7700x1699','sarachristensen@smith.com'),(21,'Chavez','Joel','Engineer',3,'1996-06-05 00:00:00','2015-12-20 00:00:00','203 Flores Forest','Lake Chloeland','Massachusetts','Mexico','17869','+1-720-459-2468x86219','6209425266','dmcdonald@yahoo.com'),(22,'Sanders','Ronald','Support',1,'1967-08-15 00:00:00','2008-08-15 00:00:00','914 Patricia Viaduct Apt. 647','Karenborough','Missouri','Egypt','69561','322-229-2757x4242','908.110.2729','ryanbriana@hotmail.com'),(23,'Hansen','Roger','Support',4,'1977-05-29 00:00:00','2006-06-20 00:00:00','546 Allison Shores','Quinnton','New York','Benin','54418','-9055','001-461-012-3993x371','robert79@torres.org'),(24,'Stokes','Christopher','Manager',4,'2000-10-12 00:00:00','2008-03-10 00:00:00','1125 Rebecca Mountains','Benjaminstad','New York','Martinique','60253','936.443.0801x7846','162-664-4892x077','sandrachen@owens.net'),(25,'Perez','Joshua','Sales Rep',3,'2003-04-24 00:00:00','2009-07-31 00:00:00','579 Katelyn Station','Dunnchester','Rhode Island','Ireland','30940','+1-669-687-6502x37313','(620)007-2213x8578','wallsjoshua@cox.com'),(26,'Clark','Eric','Support',5,'2002-04-04 00:00:00','2005-01-25 00:00:00','2998 Johnson Locks','West Samuelmouth','Alaska','Djibouti','64310','011.807.5657','001-023-643-0041x81429','johnsonrobert@ware.org'),(27,'Lee','Carolyn','Manager',1,'1972-12-14 00:00:00','2017-11-14 00:00:00','75007 Ballard Pines Suite 529','Port Shannonfurt','Nebraska','Liechtenstein','93119','(699)761-3878x3963','001-667-771-7427x620','myoung@walker.com'),(28,'Vargas','Donna','Manager',5,'1968-02-14 00:00:00','2006-01-24 00:00:00','6854 Nathaniel Crescent Suite 681','Smithport','Wyoming','Turkey','87590','541-665-5950x05833','001-109-022-2456x782','julie71@gmail.com'),(29,'Jenkins','Brandi','Support',4,'1998-12-23 00:00:00','2016-07-20 00:00:00','1534 Cindy Underpass Apt. 898','Natashaberg','Wyoming','Barbados','61274','074.340.6769x6531','001-279-912-4143x182','joshua76@yahoo.com'),(30,'Lee','Thomas','Support',2,'1981-12-09 00:00:00','2006-02-26 00:00:00','303 Troy Stravenue Apt. 672','East Brandonton','West Virginia','Iran','70994','(524)062-7654','364.998.7744','trivera@smith.info'),(31,'Pierce','Kayla','Sales Rep',1,'1981-07-07 00:00:00','2015-03-10 00:00:00','4371 Ware Road','Anthonystad','Utah','Vietnam','31037','+1-261-571-1306x897','172.905.5364','meghan81@alvarado.com'),(32,'Baker','Russell','Engineer',4,'1994-04-07 00:00:00','2005-09-18 00:00:00','914 Bauer Rest Suite 958','Deanchester','Mississippi','Finland','12672','372-174-0639','119-029-4050','sramirez@blair-gray.com'),(33,'Williams','Sherry','Manager',2,'1990-05-20 00:00:00','2006-01-05 00:00:00','4774 Clark Island Suite 579','Schmidtberg','Maryland','Hong Kong','90636','001-830-094-8665x353','932-854-2139','iharris@gmail.com'),(34,'Mack','Crystal','Manager',4,'2000-06-11 00:00:00','2018-02-09 00:00:00','280 Michael Flat Apt. 322','Lake Matthewton','North Dakota','Guam','50427','(196)936-6792','(572)575-8561x2611','joshuaknox@salazar.com'),(35,'Flowers','John','Sales Rep',1,'2000-09-10 00:00:00','2007-06-20 00:00:00','317 Gonzales Wall','East Margaretland','Nevada','Mali','83193','395-262-3625x5350','001-392-819-6131x09555','donnavaughn@gmail.com'),(36,'Black','Monica','Engineer',2,'1975-12-22 00:00:00','2011-03-04 00:00:00','480 Christian Centers Suite 575','East Julie','Minnesota','Poland','32523','424.922.8697x460','-1873','jacquelinecardenas@davis-carter.org'),(37,'Perez','Eric','Engineer',3,'1967-11-30 00:00:00','2019-02-08 00:00:00','9476 Kaitlin Circles','South Jeffrey','Pennsylvania','Cyprus','89174','(454)855-0397x0593','(432)601-8763','robertthomas@conway-murray.biz'),(38,'Jones','Timothy','Support',3,'1979-03-27 00:00:00','2007-12-29 00:00:00','9492 Thomas Mission Suite 747','West Lisabury','Louisiana','Kazakhstan','74591','001-255-919-9399','+1-198-773-7937x371','dblack@yahoo.com'),(39,'Williams','Donald','Support',1,'1982-11-30 00:00:00','2012-11-27 00:00:00','52322 Gary Trace','North Bradley','Florida','Argentina','98929','564-845-8694','(696)178-1236x206','jcobb@little-woods.com'),(40,'Young','Lindsey','Engineer',5,'1997-07-26 00:00:00','2013-08-24 00:00:00','733 Lauren Falls','Stevenside','Delaware','Venezuela','83400','500-409-0351x46490','001-675-051-0091x615','jlindsey@yahoo.com'),(41,'Marsh','Dustin','Engineer',5,'1995-08-09 00:00:00','2017-12-14 00:00:00','9642 Alexander Common','New Jessicafort','Arkansas','Colombia','02349','(242)001-2098x40948','290.912.9323x830','fwhite@yahoo.com'),(42,'Patel','Deanna','Sales Rep',1,'1988-10-24 00:00:00','2011-09-19 00:00:00','316 Emily Island','Toniside','North Dakota','Mexico','31701','(475)868-3003','7173457546','randallromero@hotmail.com'),(43,'Rodriguez','Ann','Support',1,'1976-08-26 00:00:00','2012-04-15 00:00:00','136 Gary Isle Suite 928','Marshallmouth','Hawaii','Niue','92453','5383497943','(709)365-6622x36700','amber53@banks.net'),(44,'Wright','Lindsay','Manager',1,'1989-08-06 00:00:00','2009-12-16 00:00:00','884 David Parkways','Whiteheadville','New Hampshire','Mayotte','19007','787.129.5532x07486','001-670-086-7802x637','grayshannon@chapman.net'),(45,'Ramos','Eric','Engineer',2,'2001-01-28 00:00:00','2010-03-12 00:00:00','94085 Smith Stream Apt. 827','Sarahstad','Virginia','French Guiana','27754','-3436','+1-486-837-8561x663','pmorgan@hotmail.com'),(46,'Miller','Christina','Engineer',4,'1969-04-25 00:00:00','2010-02-16 00:00:00','635 Cunningham Pass Apt. 598','West Karen','Mississippi','Luxembourg','04893','+1-677-905-7704x04018','001-839-423-8768x15631','rowedarrell@mann.com'),(47,'Moreno','Dave','Sales Rep',4,'1965-12-06 00:00:00','2012-07-06 00:00:00','892 Tanner Parks','North Stacy','Tennessee','Switzerland','53255','440-648-7977','(139)662-2331','janet08@smith-bennett.com'),(48,'Smith','Kimberly','Engineer',4,'1997-06-05 00:00:00','2012-12-12 00:00:00','30374 Cameron Gardens','Christophermouth','Iowa','Nicaragua','89512','780-660-6451','001-252-906-1489x1491','katrina19@hotmail.com'),(49,'Smith','Chad','Support',5,'1982-04-04 00:00:00','2005-04-19 00:00:00','00819 Sutton Path','South William','Iowa','Papua New Guinea','82327','+1-989-229-6864x073','472.339.2298','zmartinez@lewis-chen.com'),(50,'Smith','Amanda','Manager',4,'1983-06-14 00:00:00','2018-02-16 00:00:00','086 Edwards Glens Suite 096','Marshallmouth','Oregon','Cocos (Keeling) Islands','72515','957-030-2839','100-705-2305x36858','lawrencelivingston@gmail.com');
/*!40000 ALTER TABLE `employee` ENABLE KEYS */;
UNLOCK TABLES;

--
-- Table structure for table `genre`
--

DROP TABLE IF EXISTS `genre`;
/*!40101 SET @saved_cs_client     = @@character_set_client */;
/*!50503 SET character_set_client = utf8mb4 */;
CREATE TABLE `genre` (
  `GenreId` int NOT NULL,
  `Name` varchar(120) CHARACTER SET utf8mb3 COLLATE utf8mb3_general_ci DEFAULT NULL,
  PRIMARY KEY (`GenreId`)
) ENGINE=InnoDB DEFAULT CHARSET=utf8mb4 COLLATE=utf8mb4_0900_ai_ci;
/*!40101 SET character_set_client = @saved_cs_client */;

--
-- Dumping data for table `genre`
--

LOCK TABLES `genre` WRITE;
/*!40000 ALTER TABLE `genre` DISABLE KEYS */;
INSERT INTO `genre` VALUES (1,'Rock'),(2,'Pop'),(3,'Jazz'),(4,'Classical'),(5,'Hip Hop'),(6,'Electronic'),(7,'Country'),(8,'Reggae'),(9,'Blues'),(10,'Folk'),(11,'Metal'),(12,'Disco'),(13,'Techno'),(14,'R&B'),(15,'Indie');
/*!40000 ALTER TABLE `genre` ENABLE KEYS */;
UNLOCK TABLES;

--
-- Table structure for table `invoice`
--

DROP TABLE IF EXISTS `invoice`;
/*!40101 SET @saved_cs_client     = @@character_set_client */;
/*!50503 SET character_set_client = utf8mb4 */;
CREATE TABLE `invoice` (
  `InvoiceId` int NOT NULL,
  `CustomerId` int DEFAULT NULL,
  `InvoiceDate` datetime NOT NULL,
  `BillingAddress` varchar(70) CHARACTER SET utf8mb3 COLLATE utf8mb3_general_ci DEFAULT NULL,
  `BillingCity` varchar(40) CHARACTER SET utf8mb3 COLLATE utf8mb3_general_ci DEFAULT NULL,
  `BillingState` varchar(40) CHARACTER SET utf8mb3 COLLATE utf8mb3_general_ci DEFAULT NULL,
  `BillingCountry` varchar(40) CHARACTER SET utf8mb3 COLLATE utf8mb3_general_ci DEFAULT NULL,
  `BillingPostalCode` varchar(10) CHARACTER SET utf8mb3 COLLATE utf8mb3_general_ci DEFAULT NULL,
  `Total` decimal(10,2) NOT NULL,
  PRIMARY KEY (`InvoiceId`),
  KEY `CustomerId` (`CustomerId`),
  CONSTRAINT `invoice_ibfk_1` FOREIGN KEY (`CustomerId`) REFERENCES `customer` (`CustomerId`)
) ENGINE=InnoDB DEFAULT CHARSET=utf8mb4 COLLATE=utf8mb4_0900_ai_ci;
/*!40101 SET character_set_client = @saved_cs_client */;

--
-- Dumping data for table `invoice`
--

LOCK TABLES `invoice` WRITE;
/*!40000 ALTER TABLE `invoice` DISABLE KEYS */;
INSERT INTO `invoice` VALUES (1,57,'2022-01-11 00:00:00','251 Wilson Forges','Hickstown','Tennessee','Zimbabwe','09137',128.00),(2,35,'2023-05-01 00:00:00','518 Palmer Prairie Suite 435','South Samanthaborough','Montana','El Salvador','47590',45.68),(3,187,'2022-07-04 00:00:00','421 Curtis Flat Suite 222','Lawrencebury','Tennessee','Ukraine','19047',8.19),(4,111,'2021-01-25 00:00:00','8920 Wang Passage','South Johnnyville','South Dakota','Chad','69467',77.68),(5,60,'2022-09-21 00:00:00','280 Townsend Village Suite 430','Sylviastad','Alabama','Japan','06072',87.95),(6,23,'2023-07-06 00:00:00','67747 Robert Hollow','Wilsonstad','Rhode Island','Bouvet Island (Bouvetoya)','11345',26.88),(7,185,'2021-11-24 00:00:00','852 Richard Common Apt. 750','East Sierra','Mississippi','Venezuela','32411',34.16),(9,81,'2021-04-27 00:00:00','8845 Stewart Valleys Apt. 104','Danielland','New Mexico','Lithuania','69815',76.01),(10,247,'2022-11-10 00:00:00','7741 Malone Tunnel','South Christopher','New Hampshire','Micronesia','78717',92.24),(11,102,'2023-06-07 00:00:00','140 Green Path','Port Kenneth','West Virginia','Costa Rica','41986',5.90),(12,71,'2022-12-19 00:00:00','8011 Melissa Station Suite 457','Anthonyshire','Arizona','Namibia','10788',95.67),(13,68,'2023-06-22 00:00:00','390 Leslie Alley Apt. 939','West Tammy','Kentucky','Grenada','47214',56.19),(15,209,'2023-06-27 00:00:00','7576 Charles Street','Oliviahaven','Connecticut','Romania','12259',59.85),(16,45,'2023-05-16 00:00:00','29328 Christopher Point','Perezview','Florida','French Polynesia','46235',133.70),(17,54,'2021-09-23 00:00:00','30855 Stacey Route Suite 678','Lake Lisa','Montana','Tuvalu','25425',94.42),(18,120,'2021-12-20 00:00:00','051 Jeffrey Mountains','East David','New Jersey','Cameroon','02006',136.94),(19,12,'2021-09-19 00:00:00','631 Aaron Street','South Dianeton','Florida','Cote d\'Ivoire','67120',94.88),(20,73,'2023-07-04 00:00:00','394 Brooke Island Apt. 160','Harrisonport','South Carolina','Colombia','07024',11.15),(21,215,'2024-01-14 00:00:00','1661 Jimenez Tunnel','North Morgan','California','Paraguay','08687',21.02),(22,147,'2024-01-04 00:00:00','83058 Deborah Neck Suite 202','Petersenside','Colorado','Chile','79873',106.95),(23,23,'2021-06-23 00:00:00','06621 Kathleen Extension Apt. 430','Smithport','Kansas','Jordan','46137',89.62),(24,212,'2024-07-24 00:00:00','8244 Kevin Shore Suite 506','Danielbury','Mississippi','Cote d\'Ivoire','76989',119.56),(25,199,'2024-09-04 00:00:00','3072 Mason Rest','Port Brandon','Oklahoma','Afghanistan','33166',52.68),(26,25,'2022-11-05 00:00:00','898 Rodriguez Views','North Jessica','Arizona','Bahamas','04596',133.24),(27,17,'2021-12-31 00:00:00','620 Smith Mountains Suite 538','Wilsontown','Indiana','Samoa','50931',49.59),(28,116,'2023-02-23 00:00:00','6176 Trujillo Plain','Lake Dana','Texas','Sierra Leone','53585',148.15),(29,63,'2022-11-30 00:00:00','3421 Payne Forges Suite 844','East Sonya','Nevada','Samoa','32632',24.44),(30,223,'2021-09-23 00:00:00','77300 Jones Point Apt. 677','Douglasburgh','Arkansas','Kenya','46403',38.48),(31,46,'2021-06-25 00:00:00','037 Clay Avenue','South Miaside','Wyoming','Cocos (Keeling) Islands','33340',117.33),(32,186,'2023-10-05 00:00:00','233 Hogan Lodge','Port Katherine','Washington','Kazakhstan','21940',75.76),(33,60,'2022-12-25 00:00:00','29749 Delgado Light','Shawnshire','Wisconsin','Burkina Faso','44833',39.73),(34,229,'2023-11-02 00:00:00','828 Gina Forge','South Johnbury','Mississippi','Puerto Rico','62971',119.66),(35,190,'2023-12-06 00:00:00','994 Victoria Plaza Apt. 360','Greenside','Kansas','Ecuador','78525',90.43),(36,172,'2023-06-10 00:00:00','020 Jocelyn Hollow','Graceborough','Massachusetts','Yemen','91255',26.26),(37,8,'2024-10-30 00:00:00','899 Wright Plain Suite 940','West Derek','South Dakota','El Salvador','76388',23.19),(38,207,'2024-02-15 00:00:00','396 Jones Vista Apt. 812','Lawrencebury','New Mexico','Papua New Guinea','59725',13.56),(39,48,'2024-02-05 00:00:00','208 Jason Valley Suite 621','West Tracyshire','Illinois','Palestinian Territory','60056',21.91),(40,39,'2024-12-24 00:00:00','7649 Gordon Island','New Brandonchester','Washington','Indonesia','43335',125.06),(41,12,'2022-01-11 00:00:00','6088 Ford Common','Lynnmouth','Ohio','Croatia','88593',94.38),(42,164,'2022-04-06 00:00:00','044 Jacqueline Village','South Douglasburgh','Iowa','Congo','59595',98.38),(43,75,'2023-08-03 00:00:00','7006 Marissa Field','Terrellland','Connecticut','Aruba','14195',130.33),(44,248,'2021-11-14 00:00:00','192 Carla Lodge','North Rebeccaburgh','Michigan','Ecuador','99238',83.42),(45,10,'2023-04-10 00:00:00','0121 Vance Well Apt. 109','Port Derrick','Oklahoma','China','71681',36.57),(46,110,'2022-11-29 00:00:00','4041 Miranda Crescent Apt. 835','Ravenchester','Idaho','Equatorial Guinea','80980',92.91),(47,171,'2023-12-18 00:00:00','483 Michael Walk','Port Ethan','North Dakota','Luxembourg','00511',78.96),(48,118,'2021-03-30 00:00:00','865 Amy Ridges','Port Andrewville','New Jersey','Cuba','77607',66.64),(49,46,'2022-12-15 00:00:00','4974 Anderson Trail','Bowenport','Oklahoma','Grenada','28587',106.98),(50,165,'2021-08-20 00:00:00','5888 Gonzalez Plaza','New Ashley','Nevada','Greece','95394',80.40),(51,248,'2022-10-02 00:00:00','2756 Griffith Isle','Robertmouth','North Carolina','Qatar','67056',99.32),(52,196,'2023-02-05 00:00:00','49927 Crystal Falls Apt. 168','Katherinefurt','Rhode Island','Egypt','74744',121.47),(53,134,'2022-07-20 00:00:00','8130 Bowen Stravenue Suite 444','Stevenburgh','Hawaii','Switzerland','59702',36.71),(54,156,'2021-05-25 00:00:00','77229 Fritz Islands','Wadeton','Mississippi','Guernsey','21621',144.80),(55,185,'2022-07-02 00:00:00','95094 Brock Motorway Apt. 114','North Susanville','Indiana','Netherlands Antilles','76514',72.55),(56,233,'2022-10-13 00:00:00','6149 Pollard Falls Suite 155','Michaelfort','New Mexico','Gibraltar','49773',16.74),(57,57,'2022-03-21 00:00:00','67990 Stafford Springs Apt. 425','Cassandrahaven','Maryland','Seychelles','73889',149.58),(58,24,'2024-02-04 00:00:00','1448 Brown Walks Suite 464','Jamieside','Arkansas','Holy See (Vatican City State)','80521',149.95),(59,210,'2021-05-27 00:00:00','9982 Anthony Corners Apt. 955','New Victor','Maryland','Venezuela','19835',28.38),(60,212,'2023-09-21 00:00:00','508 Johnson Green Apt. 375','Lake Julieview','Mississippi','Guam','23863',47.76),(61,211,'2024-03-10 00:00:00','90749 Smith Lock','East Richard','Virginia','Lao People\'s Democratic Republic','43928',74.04),(62,248,'2021-04-09 00:00:00','60365 Jeremy Square Suite 050','East Bradleymouth','Maryland','Poland','30873',32.38),(63,44,'2021-05-22 00:00:00','6340 Craig Greens Apt. 586','West Anthony','Kansas','India','43331',34.62),(64,240,'2024-05-04 00:00:00','2676 William Ville Suite 968','Chaneybury','Tennessee','Uzbekistan','21160',145.13),(65,226,'2022-07-30 00:00:00','12791 Watkins Plain Suite 474','Port Kristen','Minnesota','Isle of Man','14255',20.23),(66,193,'2024-12-04 00:00:00','7567 Haynes Dam Suite 738','Clintonland','California','Mauritania','13152',96.24),(67,182,'2023-08-03 00:00:00','8394 Knight Meadow Apt. 711','Port Craigborough','Iowa','Cape Verde','24014',38.34),(68,166,'2024-02-19 00:00:00','34355 Bowman Junctions','Marshallshire','California','Montenegro','32378',41.47),(69,124,'2024-12-11 00:00:00','382 Mary Orchard','Terrifort','Texas','Spain','04855',26.10),(70,130,'2022-02-05 00:00:00','035 Stephanie Dale Apt. 533','Alexville','Rhode Island','Cook Islands','70160',6.57),(71,1,'2022-03-31 00:00:00','1771 Torres Lane Suite 198','Newmanbury','New Hampshire','Iraq','61695',46.61),(72,132,'2024-03-01 00:00:00','5041 Kennedy Ways','Port Alyssa','Iowa','Mauritania','37089',70.93),(73,56,'2021-11-02 00:00:00','3469 Carroll Curve','Peterland','California','Myanmar','05572',11.20),(74,161,'2024-02-07 00:00:00','897 Jessica Branch','Port Patrickland','Virginia','Saudi Arabia','65954',5.53),(75,209,'2022-09-24 00:00:00','626 Larson Dale Suite 670','East Shawnfurt','Rhode Island','Faroe Islands','19597',143.56),(76,136,'2021-06-14 00:00:00','89353 Carl Springs Apt. 292','Lake Courtney','Iowa','Taiwan','56880',25.08),(77,88,'2023-08-07 00:00:00','589 Katherine Light Apt. 383','Haleymouth','Nevada','Netherlands','55138',21.32),(78,46,'2024-02-02 00:00:00','173 Barrett Heights Apt. 081','West Kennethhaven','South Dakota','Mongolia','97786',123.32),(79,112,'2021-12-20 00:00:00','26199 Brandon Pass','Kleintown','Washington','Comoros','28852',92.41),(80,126,'2023-09-17 00:00:00','2841 Nicholas Fort','Port Joshua','South Dakota','Mexico','93374',9.45),(81,56,'2022-02-15 00:00:00','2110 Tina Mountains Apt. 547','Carolynburgh','Maryland','Vanuatu','18085',12.07),(82,60,'2024-03-16 00:00:00','31061 Linda Drives Apt. 920','Rodrigueztown','Utah','Tokelau','75186',11.58),(83,1,'2023-01-29 00:00:00','400 Stephen Squares Suite 570','East Victoriaside','North Dakota','Andorra','28459',39.28),(84,140,'2024-07-02 00:00:00','759 Hernandez Lake Suite 149','Wilsonmouth','Hawaii','Barbados','13504',38.72),(85,217,'2024-04-28 00:00:00','2750 Mary Locks','Port Coreychester','Nebraska','Fiji','26171',70.96),(86,167,'2022-02-16 00:00:00','3634 James Prairie Apt. 026','Longberg','Wisconsin','Pakistan','73366',77.35),(87,241,'2022-10-08 00:00:00','811 Nelson Villages Suite 600','Weaverfort','South Dakota','Togo','92958',134.99),(88,86,'2021-01-17 00:00:00','64402 Brennan Ranch Apt. 582','Hardingborough','Minnesota','Andorra','45352',28.68),(89,159,'2023-04-30 00:00:00','50642 Kari Islands Apt. 304','West Mary','North Carolina','Ukraine','78891',35.10),(90,42,'2023-03-15 00:00:00','9500 Murillo Grove Apt. 652','South Benjaminshire','Alabama','British Virgin Islands','43390',48.44),(91,212,'2021-11-29 00:00:00','763 Santiago Trail Suite 125','East Christina','Montana','Namibia','23619',133.66),(92,148,'2022-05-09 00:00:00','9571 Carol Plaza','West Christie','Utah','Ireland','09364',102.90),(93,142,'2024-01-10 00:00:00','099 Thornton Meadow','Nathanton','Rhode Island','Rwanda','12590',60.80),(94,88,'2022-10-21 00:00:00','698 Tracy Passage','Lake Melissa','Vermont','Uganda','92129',85.97),(95,182,'2021-02-16 00:00:00','47346 Garcia Road Apt. 580','Lanceburgh','Delaware','Angola','30447',71.13),(96,14,'2023-12-20 00:00:00','22371 Nicole Mount','Ashleyfurt','Arizona','Iran','98528',40.14),(97,214,'2021-11-01 00:00:00','99193 Gomez Lakes Apt. 364','South Paigeport','Arkansas','Uganda','44242',27.75),(98,214,'2021-10-11 00:00:00','04181 Strong Camp Apt. 486','Turnerview','Indiana','Japan','87176',64.96),(99,132,'2024-01-27 00:00:00','672 William Lights Apt. 743','West Taylorstad','Oregon','United States Virgin Islands','20737',51.58),(100,60,'2021-09-15 00:00:00','365 Bryant Glens Apt. 375','West Penny','Alaska','Iraq','52303',24.38),(102,99,'2022-12-18 00:00:00','12653 Maria Forest Suite 908','Smithtown','Delaware','Reunion','27042',89.18),(103,179,'2022-06-01 00:00:00','4687 Durham Greens Suite 854','Smithside','South Carolina','Singapore','63696',57.02),(104,141,'2023-07-25 00:00:00','320 Shawn Ridges Suite 121','East Thomasfurt','New Hampshire','Saint Martin','75309',19.87),(105,239,'2024-12-13 00:00:00','0500 Crystal Station Suite 422','South Leslie','Maine','Sri Lanka','36425',116.58),(106,220,'2022-08-24 00:00:00','2953 Katie Causeway','North Michaelshire','Alabama','Liberia','21300',7.20),(107,190,'2021-05-02 00:00:00','37889 Baldwin Meadow','Cynthiaborough','North Dakota','Cote d\'Ivoire','64443',71.35),(108,178,'2023-11-17 00:00:00','34556 Orozco Track','Rickytown','Kansas','Norway','59086',149.43),(109,107,'2022-05-27 00:00:00','30727 Sims Curve','North Heather','Arizona','Liberia','44386',40.61),(110,48,'2022-12-19 00:00:00','16558 Scott Harbor','Port Veronicachester','Rhode Island','Japan','30844',85.74),(111,135,'2022-06-30 00:00:00','7820 Jones Ports Apt. 132','North Nicole','Kentucky','Tunisia','22970',132.12),(112,32,'2021-06-28 00:00:00','994 Julie Dale','Reidtown','Idaho','Lebanon','14793',58.44),(113,84,'2023-09-18 00:00:00','768 Shannon Haven Suite 281','Port Shannonland','Wyoming','Croatia','78153',99.26),(114,202,'2023-09-04 00:00:00','437 Laura Vista','Martinezmouth','Vermont','Isle of Man','67642',101.58),(115,237,'2021-09-13 00:00:00','165 Houston Tunnel Suite 674','West Alexanderhaven','Nevada','Burundi','11606',5.33),(116,2,'2024-03-15 00:00:00','8623 Nancy Terrace','West Sarahberg','Iowa','Georgia','16162',105.15),(117,79,'2023-10-07 00:00:00','903 Jose Unions','Thomasland','North Carolina','Christmas Island','30412',60.70),(118,166,'2024-08-17 00:00:00','73657 Teresa Land Suite 457','Lake Brenda','Arkansas','Ireland','29061',44.03),(119,66,'2023-12-22 00:00:00','99616 Bradshaw Points Suite 283','New Jenniferland','Virginia','Honduras','70434',6.36),(120,11,'2021-11-03 00:00:00','1844 Le Creek','Gabriellemouth','Florida','Guernsey','38480',142.66),(121,131,'2023-10-05 00:00:00','836 Adam Streets','Richstad','Missouri','Gibraltar','91802',27.84),(122,51,'2024-03-28 00:00:00','7736 Christopher Via','Johnville','Arizona','Panama','49697',84.77),(123,134,'2024-05-06 00:00:00','57218 Nathan Parks','New Matthew','South Dakota','Sudan','78269',93.20),(124,6,'2024-07-09 00:00:00','99823 Mcintosh Villages','South Natalieville','Maine','Puerto Rico','06008',95.98),(125,47,'2021-01-14 00:00:00','3362 Cristian Path Suite 589','West Jasonville','Nebraska','Uganda','80858',78.80),(126,195,'2023-07-20 00:00:00','026 Courtney Station Apt. 433','West Michael','Nevada','Marshall Islands','69382',63.55),(127,70,'2021-01-27 00:00:00','4287 Denise Passage Apt. 844','New Jennifer','Kansas','Kyrgyz Republic','86244',39.17),(128,153,'2021-07-21 00:00:00','21031 West Vista Apt. 350','Fergusonstad','North Carolina','Canada','17066',98.83),(129,164,'2023-01-22 00:00:00','2081 Hubbard Hollow Apt. 692','Fisherbury','Michigan','San Marino','60823',145.01),(130,47,'2023-11-04 00:00:00','29540 Eric Springs Apt. 488','Nicholsonmouth','Louisiana','Jamaica','57150',116.73),(131,65,'2022-09-12 00:00:00','5283 Steven Cove Suite 993','West Christopher','West Virginia','Jordan','58452',112.94),(133,122,'2021-09-15 00:00:00','3673 Jeffrey Rapid','North Christianside','Massachusetts','Algeria','62678',94.59),(134,234,'2023-07-21 00:00:00','94735 David Ports Suite 862','Russellshire','Idaho','Germany','34797',48.77),(135,148,'2024-08-25 00:00:00','7367 Lopez Glens Suite 918','Lake Sethland','Mississippi','Tonga','35677',89.41),(136,85,'2022-04-15 00:00:00','955 Kenneth Green Suite 524','Richardfurt','Oklahoma','Chad','03279',12.54),(137,103,'2021-09-06 00:00:00','0831 Johnson Place Apt. 206','Philiphaven','Kansas','Lebanon','14436',32.81),(138,146,'2022-08-20 00:00:00','29761 Rebecca Rue','South Josephfort','Idaho','Poland','05414',50.80),(139,217,'2021-10-06 00:00:00','36559 Johnson Mountains Apt. 727','South Robinstad','Alaska','Slovakia (Slovak Republic)','17370',77.99),(140,5,'2022-02-27 00:00:00','3479 Atkinson Port','New Amanda','Virginia','Belarus','48942',29.95),(141,161,'2022-04-23 00:00:00','691 Johns Meadows Suite 246','Michaelberg','Texas','Taiwan','32353',113.72),(142,91,'2021-03-22 00:00:00','5092 Banks Avenue','Jennifermouth','Illinois','Sudan','28446',50.23),(143,22,'2022-02-19 00:00:00','4109 Ronald Stravenue','Wardshire','Illinois','Reunion','05097',94.24),(144,184,'2023-06-14 00:00:00','4130 Sandra Trace Apt. 487','Obrienton','Oklahoma','Cyprus','17850',147.49),(145,91,'2022-04-16 00:00:00','5632 Lisa Fall Apt. 373','South Christinaburgh','Michigan','Algeria','06059',41.49),(147,143,'2023-02-07 00:00:00','4890 Michael Station','West Christy','Minnesota','Namibia','04648',56.24),(148,104,'2023-07-01 00:00:00','81896 Guzman Stravenue','Donnamouth','Tennessee','Bhutan','56795',113.81),(149,187,'2023-02-24 00:00:00','6312 Flores Mills','Port Brooke','Kansas','Netherlands','71868',61.24),(150,235,'2021-09-19 00:00:00','208 Michele Grove','Lake Amy','Maryland','El Salvador','56499',24.18),(151,219,'2021-01-02 00:00:00','551 Knox Landing Suite 581','New Carolynfurt','North Carolina','Palau','35627',58.37),(152,177,'2022-09-09 00:00:00','159 Jennifer Curve','Matthewville','Arizona','Solomon Islands','47114',95.81),(153,241,'2022-12-18 00:00:00','538 Johnson Extensions Suite 812','Jessicaberg','Oregon','Svalbard & Jan Mayen Islands','37559',84.53),(154,49,'2021-07-27 00:00:00','1304 Stephanie Underpass','Daviston','Wisconsin','Equatorial Guinea','61714',147.40),(155,122,'2022-06-04 00:00:00','282 Christopher Greens','South Tarastad','Maine','Belgium','56044',5.45),(156,205,'2023-01-02 00:00:00','9123 Stephanie Springs','Port Ericport','Massachusetts','Latvia','83896',140.49),(157,147,'2021-03-30 00:00:00','798 Kristen Center Apt. 441','Port Patrick','Oregon','Vanuatu','47671',18.15),(158,130,'2021-09-28 00:00:00','382 Matthew Trace','Toddhaven','Massachusetts','Latvia','88470',30.14),(159,17,'2021-11-14 00:00:00','151 Elizabeth Vista','Murphychester','Colorado','Saint Kitts and Nevis','39096',46.50),(160,5,'2023-06-14 00:00:00','03986 Williams Ridge','Mccoyhaven','Arizona','Gabon','61001',83.75),(161,62,'2023-06-12 00:00:00','1322 Garrett Courts Apt. 737','New Eric','Pennsylvania','Mauritania','75846',28.72),(162,205,'2022-02-21 00:00:00','95664 Robert Spur Suite 584','South Tiffany','South Dakota','China','72447',138.64),(163,27,'2022-02-18 00:00:00','068 Marshall Ferry','Lake Corey','Oregon','Benin','79761',90.53),(165,160,'2024-08-28 00:00:00','1906 Joel Extension Suite 545','North Daniel','Arizona','Iran','44994',29.71),(166,209,'2024-05-28 00:00:00','51237 Andrew Point','East Kellyside','Mississippi','Morocco','44980',74.03),(168,143,'2024-12-29 00:00:00','95795 Brian Hollow Apt. 354','East Cory','Nebraska','Palestinian Territory','82387',97.90),(169,197,'2024-04-24 00:00:00','5865 Lawrence Route Apt. 573','Abigailton','Indiana','Puerto Rico','64762',140.21),(170,155,'2022-05-31 00:00:00','18357 Parsons Drives Suite 390','Patrickborough','Vermont','Brazil','17107',112.57),(171,124,'2021-02-23 00:00:00','954 Morgan Highway Apt. 194','North Tabitha','New Jersey','Bosnia and Herzegovina','38869',136.30),(172,250,'2023-02-10 00:00:00','222 Amanda Stravenue Apt. 912','Ronaldstad','Nevada','Ecuador','75083',77.79),(173,35,'2021-08-31 00:00:00','35433 Victoria Crest','Carlosland','New Mexico','Pakistan','84733',107.22),(174,128,'2022-10-11 00:00:00','28051 Lewis Junction Apt. 819','New Ebony','California','Uganda','04370',94.28),(175,178,'2021-08-18 00:00:00','091 Jimenez River','West Michelefort','Michigan','Cape Verde','22396',52.83),(176,115,'2024-01-31 00:00:00','982 Stacy Way','Smithview','Massachusetts','Nauru','49896',40.26),(177,230,'2022-01-10 00:00:00','148 Teresa Centers Suite 905','South Rhondaborough','Maryland','Ukraine','10471',79.30),(178,213,'2024-09-23 00:00:00','925 Heather Plaza','Port Joshua','New Hampshire','Azerbaijan','25777',63.88),(179,133,'2021-01-25 00:00:00','49660 Powell Estate','Port Melaniefort','Oregon','Trinidad and Tobago','89251',60.33),(180,160,'2021-01-31 00:00:00','607 Mark Stream','North Ryanhaven','Arizona','Switzerland','89421',78.33),(181,192,'2022-03-06 00:00:00','266 Torres Alley Suite 340','West Laurenview','Michigan','Australia','69952',43.31),(182,185,'2023-10-30 00:00:00','56379 Anderson Stravenue Suite 707','Cartertown','Georgia','Solomon Islands','67116',98.35),(183,164,'2024-11-12 00:00:00','3838 Melissa Views','West Andrewside','Kansas','Vanuatu','14828',56.22),(184,156,'2024-12-06 00:00:00','77528 Johnson Causeway Apt. 044','North Ryan','Florida','Nigeria','97965',108.70),(185,132,'2022-03-12 00:00:00','94054 Tasha Street Suite 016','West Monica','Hawaii','United States Virgin Islands','03594',84.45),(186,235,'2024-05-24 00:00:00','19335 Mccarty Land','South Tammyfurt','Connecticut','Guyana','03326',25.64),(187,220,'2024-09-09 00:00:00','859 Jerry Locks Suite 289','Michaelbury','Indiana','Greece','68350',145.16),(188,181,'2023-07-05 00:00:00','0114 Deleon Green Suite 132','Leetown','Arizona','Kyrgyz Republic','47401',11.52),(189,181,'2024-01-14 00:00:00','2639 Harris Streets Apt. 580','South Matthewshire','Montana','Malaysia','21260',149.14),(190,222,'2022-11-21 00:00:00','53727 Denise Dale Suite 359','North Deannaview','New Mexico','Armenia','42871',87.60),(191,173,'2021-11-12 00:00:00','36463 Alexander Green Apt. 500','Amandahaven','Vermont','Martinique','34033',97.77),(192,131,'2024-10-07 00:00:00','1867 Snyder Branch Apt. 729','Parkshaven','Delaware','Liberia','95519',97.80),(193,16,'2024-07-03 00:00:00','955 Shaun Road','Samanthatown','Minnesota','French Polynesia','45404',46.36),(194,57,'2024-01-02 00:00:00','1315 Stacy Branch','Nicolestad','Iowa','Ireland','84241',101.78),(195,246,'2023-07-26 00:00:00','3925 Dwayne Stravenue Apt. 005','West Charlesburgh','Texas','Namibia','57987',140.92),(196,42,'2024-02-13 00:00:00','2519 Raymond Brooks','Sandraville','Hawaii','Mayotte','79693',56.73),(197,191,'2021-01-16 00:00:00','451 Kaufman Path Suite 882','Elizabethview','Alaska','Botswana','36928',77.18),(198,214,'2024-03-02 00:00:00','4074 Courtney Manors Apt. 187','Johntown','Oklahoma','Puerto Rico','78706',46.24),(199,159,'2024-12-14 00:00:00','6567 Sutton Gardens Suite 818','East Russellmouth','Michigan','Reunion','78768',108.81),(200,124,'2021-01-23 00:00:00','963 Sabrina Knolls','Johnsonport','Alabama','Falkland Islands (Malvinas)','58049',65.12),(201,204,'2021-05-08 00:00:00','429 Vaughn Fort Apt. 942','South Kellyville','West Virginia','Mongolia','18840',120.58),(202,114,'2021-09-06 00:00:00','4592 Smith Wall Apt. 880','South Frankfurt','Oregon','Egypt','47978',57.87),(203,31,'2023-11-16 00:00:00','368 Dodson Rue Suite 372','Alexandraburgh','Rhode Island','Costa Rica','47457',34.39),(204,162,'2023-09-02 00:00:00','026 Jacob Prairie Apt. 794','New Samanthabury','New Hampshire','Western Sahara','99879',47.63),(205,214,'2024-06-25 00:00:00','027 Julie Track','West Wendy','Illinois','Northern Mariana Islands','02708',58.81),(206,163,'2021-06-03 00:00:00','473 Torres Lock Apt. 316','Lake Michaelbury','Utah','Germany','68050',115.67),(207,239,'2023-03-17 00:00:00','94472 Foster Turnpike','Greentown','Alabama','Benin','11467',145.55),(208,204,'2023-08-30 00:00:00','16812 Hannah Orchard Suite 746','Lake Tiffanyborough','Connecticut','Bahrain','84404',75.55),(209,208,'2022-06-17 00:00:00','1057 Phillips Summit','Stuartland','Kentucky','Gabon','56295',55.87),(210,234,'2024-03-17 00:00:00','2937 Rubio Vista','Port Beverlyberg','Oklahoma','Liechtenstein','69074',94.93),(211,153,'2024-09-11 00:00:00','133 Eaton Springs','Lake Steven','Alabama','Serbia','39880',104.25),(212,40,'2021-04-07 00:00:00','94699 Sharon Landing Apt. 011','Davidtown','Pennsylvania','Iceland','26020',64.54),(213,176,'2023-01-21 00:00:00','218 Fowler Stravenue','North Mariaton','Maine','Nauru','46401',13.13),(214,207,'2023-01-12 00:00:00','9760 Sanders Loaf Apt. 092','Julieberg','Connecticut','Tunisia','77470',103.00),(215,49,'2022-07-07 00:00:00','19607 Richards Pines Apt. 438','Lake Marilyn','North Dakota','Turkmenistan','43764',106.74),(216,159,'2021-06-03 00:00:00','156 Claudia Island','Robertmouth','South Carolina','Western Sahara','71882',25.95),(217,43,'2021-04-02 00:00:00','89281 Sheila Wells Apt. 823','Smithstad','Missouri','Tuvalu','78322',60.77),(218,223,'2023-07-05 00:00:00','6099 Heather Union','Christopherfurt','Alaska','Jamaica','28662',63.41),(219,48,'2023-11-10 00:00:00','850 Wilson Knolls','West James','Texas','Bermuda','23595',21.84),(220,73,'2024-05-17 00:00:00','361 Paige Via Apt. 960','Hamiltonville','Alabama','Congo','16176',41.59),(221,101,'2023-02-12 00:00:00','31499 Michael Park Apt. 873','Ebonyton','New York','Liechtenstein','24763',130.67),(222,67,'2022-09-04 00:00:00','20624 Margaret Shoals','Mccannbury','Nevada','Reunion','21765',12.30),(223,240,'2024-11-13 00:00:00','70283 Morrow Club','Draketon','Connecticut','Sierra Leone','00590',84.54),(224,51,'2022-01-25 00:00:00','22861 Stevens Loop','Thompsonland','Pennsylvania','Egypt','74056',148.48),(225,146,'2022-09-25 00:00:00','5253 Cindy Causeway Suite 523','Loritown','North Carolina','Saudi Arabia','61081',6.12),(226,131,'2022-12-09 00:00:00','9136 Rachael Ridge Suite 119','Riosstad','Nevada','Costa Rica','95484',41.78),(227,159,'2024-10-23 00:00:00','9669 Andrew Mountain Suite 317','Jacktown','Louisiana','Barbados','12309',146.72),(228,101,'2024-06-21 00:00:00','77361 Beck Valleys Suite 543','Nixonview','Mississippi','Qatar','29258',96.36),(230,54,'2021-05-22 00:00:00','65575 Murphy Manors','East Susanmouth','Alaska','Tajikistan','72435',126.04),(231,246,'2024-10-24 00:00:00','601 Kaitlin Mills','Lake Garystad','Arizona','Mauritania','69106',23.57),(232,92,'2021-01-29 00:00:00','513 Alyssa Valley','East Deannaberg','New Mexico','Rwanda','90607',22.00),(233,6,'2023-01-22 00:00:00','8670 Collins Plaza','South Sarahborough','Texas','Iceland','90208',26.32),(234,148,'2023-07-30 00:00:00','0314 Howard Ports Apt. 977','East Thomaschester','West Virginia','Mozambique','39797',141.75),(235,83,'2022-10-01 00:00:00','82210 Dustin Lane','East Kristen','North Carolina','Palestinian Territory','37855',86.39),(236,56,'2022-07-20 00:00:00','37031 Elaine Estate Suite 372','Williamshaven','West Virginia','Honduras','18908',15.26),(237,178,'2023-05-29 00:00:00','1683 Burgess Crescent','Jeffreyborough','Missouri','Mongolia','71695',41.41),(238,99,'2021-07-15 00:00:00','019 Taylor Station','Thomasside','Pennsylvania','Macao','41029',58.74),(239,234,'2021-09-30 00:00:00','906 Melissa River','East Russell','Nevada','Wallis and Futuna','32087',34.16),(240,58,'2024-12-30 00:00:00','294 Zhang Plains','Lake Eileenshire','Arkansas','Zimbabwe','57246',128.68),(241,192,'2023-05-02 00:00:00','288 Khan Turnpike Suite 702','Port Lauraville','North Dakota','Iceland','68103',86.78),(242,195,'2023-04-18 00:00:00','24852 Sharon Ferry','Briannaview','Colorado','Egypt','06828',30.87),(243,59,'2023-08-16 00:00:00','50303 Rhodes Key','Floydshire','South Dakota','Saudi Arabia','74823',148.35),(244,109,'2023-07-14 00:00:00','8357 Aimee Gateway Suite 197','Robinsonport','West Virginia','Iraq','62445',16.57),(245,155,'2021-08-05 00:00:00','705 Katherine Landing','Port Caroline','Louisiana','Armenia','17054',82.39),(246,211,'2023-02-16 00:00:00','377 Eric Lakes','Port Diana','Pennsylvania','Macao','84270',138.95),(247,41,'2022-09-15 00:00:00','384 Anthony Freeway Suite 669','Reginaldside','Kansas','Georgia','96564',7.71),(248,54,'2022-03-16 00:00:00','060 Rodgers Station','West David','Arizona','Taiwan','04472',148.59),(249,167,'2021-07-08 00:00:00','457 Timothy Harbor Suite 341','Brandonhaven','Vermont','Sri Lanka','37058',38.59),(250,25,'2022-03-31 00:00:00','2397 Stefanie Mill Suite 833','Port Joe','Washington','Netherlands','06047',110.61),(251,128,'2024-06-07 00:00:00','75477 Alvarado Forks','East Jasonfort','Wisconsin','United States of America','64137',88.95),(252,181,'2024-10-29 00:00:00','929 Timothy Valley','East Brian','Michigan','Barbados','44271',81.78),(253,23,'2022-07-12 00:00:00','5536 Jensen Mission Suite 311','New Kristin','Washington','Zambia','56115',98.85),(254,99,'2022-06-01 00:00:00','157 Daniel Overpass','South David','Rhode Island','Tunisia','25439',128.01),(255,112,'2021-04-01 00:00:00','242 Gonzalez Drives Suite 739','Bradleyland','North Dakota','Marshall Islands','90962',41.82),(256,101,'2022-05-22 00:00:00','99506 Sara Cliff','Davidport','Utah','Madagascar','88561',50.65),(257,64,'2022-01-01 00:00:00','50354 Tamara Villages','New Priscilla','Louisiana','Indonesia','89613',36.17),(258,30,'2024-08-25 00:00:00','765 Parker Pass Suite 515','South Lisafort','Texas','Canada','48644',91.77),(259,172,'2021-02-08 00:00:00','47604 Katherine Landing Apt. 581','North Jasonburgh','Washington','Spain','01586',114.25),(260,226,'2024-01-13 00:00:00','14401 Fernandez Street','Lake Daniellebury','Wisconsin','Panama','37598',125.90),(261,53,'2021-10-12 00:00:00','06088 Alan Pass Suite 607','New Benjaminside','Maryland','Mongolia','36620',59.80),(262,191,'2021-10-13 00:00:00','4468 Logan Manors Suite 764','North Teresa','Alabama','Benin','06358',7.87),(263,128,'2024-03-22 00:00:00','5777 Osborne Estate','Stevenmouth','Massachusetts','Gambia','28434',143.09),(264,26,'2023-10-28 00:00:00','664 Summers Streets Suite 469','West Rebeccahaven','Nevada','Pakistan','03531',45.47),(265,25,'2023-01-27 00:00:00','02790 Cook Crest Apt. 512','Andersonstad','Georgia','Guatemala','49153',47.50),(266,41,'2023-08-03 00:00:00','6410 Heather Road Suite 779','Mitchellfurt','Louisiana','Saint Barthelemy','86128',53.63),(267,144,'2022-11-03 00:00:00','9817 White Mews Apt. 854','Mitchellside','Indiana','Nauru','79537',133.48),(268,142,'2024-08-05 00:00:00','94617 Perez Oval Apt. 122','Saraview','West Virginia','Ukraine','41921',142.52),(269,99,'2022-07-27 00:00:00','9552 Timothy Highway Apt. 924','East Gregory','New York','Qatar','30058',133.20),(270,211,'2021-07-29 00:00:00','058 Katherine Cliff','Loriberg','North Carolina','Malaysia','30576',124.98),(271,206,'2024-03-14 00:00:00','50911 Haney Forest Suite 951','New Crystal','Minnesota','Mali','56158',105.67),(272,148,'2021-07-19 00:00:00','4557 Ramirez Lake Suite 507','Blakefurt','Idaho','Indonesia','67754',112.22),(273,237,'2023-04-18 00:00:00','3466 Serrano Trail','North Toddmouth','Oklahoma','Wallis and Futuna','53637',56.86),(274,205,'2021-05-07 00:00:00','14263 Guzman Club','Smithmouth','New York','India','09772',50.92),(275,190,'2024-03-04 00:00:00','670 Katie Wall','East Gregory','New Hampshire','Tunisia','30438',113.23),(276,191,'2021-02-05 00:00:00','05722 Gabriel Expressway','North Lawrenceberg','New Mexico','Montserrat','85216',148.63),(277,156,'2024-11-01 00:00:00','4441 Tanner Springs','North Heatherside','Idaho','United States Minor Outlying Islands','33624',88.48),(278,78,'2021-06-26 00:00:00','9520 Gary Forest Suite 223','Aaronberg','Georgia','Norway','15289',18.77),(279,71,'2021-09-19 00:00:00','7086 Ryan Port Apt. 266','Erintown','Minnesota','Benin','42465',34.68),(280,185,'2024-04-16 00:00:00','09302 Summers Street Suite 794','Bonillaview','Wyoming','Albania','70447',29.21),(282,24,'2022-04-04 00:00:00','779 Tanner Circle','Aguirrefurt','Louisiana','Korea','88499',94.19),(283,89,'2024-10-05 00:00:00','7060 Sanchez Squares Suite 070','Andreaborough','Illinois','Wallis and Futuna','44695',135.54),(284,228,'2022-01-12 00:00:00','10475 Wanda Coves Apt. 732','West Julia','Oklahoma','Saint Kitts and Nevis','28659',145.70),(285,144,'2021-03-30 00:00:00','3530 Hancock Islands','West Susan','Idaho','Haiti','10934',131.74),(286,135,'2024-02-06 00:00:00','46878 Bryan Groves Suite 553','Charlestown','New Jersey','Mauritania','82119',8.89),(287,246,'2021-08-22 00:00:00','792 Hayden Club','South Benjamin','Arkansas','Tokelau','43110',138.65),(288,194,'2024-08-04 00:00:00','03757 Shawna Square Suite 093','Davidstad','Oklahoma','Albania','06674',12.58),(289,87,'2022-10-26 00:00:00','1800 Mcdowell Pine','Gatesville','Arkansas','Costa Rica','22479',78.84),(290,193,'2021-09-30 00:00:00','04521 Julie Court Suite 750','Markfurt','Nebraska','Bulgaria','15193',131.29),(291,173,'2024-09-05 00:00:00','2497 Francis Shoals Apt. 857','Donaldstad','Wyoming','Cote d\'Ivoire','11412',60.32),(292,42,'2022-06-04 00:00:00','283 Steele Lakes','Kennethchester','Arkansas','Pitcairn Islands','59306',82.85),(293,52,'2021-06-27 00:00:00','66280 Ross Track Suite 165','North Steven','Connecticut','Niue','92736',81.24),(294,178,'2024-02-23 00:00:00','5253 Reyes Island Apt. 675','Salazarchester','Alaska','Nicaragua','93202',129.14),(295,87,'2023-02-18 00:00:00','79316 Howard Trafficway Suite 519','Jacquelineview','Kansas','Cameroon','70169',67.67),(296,133,'2022-12-14 00:00:00','10010 Laurie Spring Suite 016','Douglasshire','Massachusetts','Japan','06846',130.67),(297,163,'2024-05-04 00:00:00','4755 Joseph Loop Apt. 819','Taylorbury','Colorado','Andorra','40918',70.23),(298,31,'2021-04-14 00:00:00','240 Melissa Well Suite 433','Lake Tina','Kentucky','Cameroon','47615',92.45),(299,80,'2021-09-01 00:00:00','3229 Espinoza Fort','North Andreaburgh','New York','Qatar','39186',110.20),(300,105,'2024-03-01 00:00:00','2764 Thompson Path Suite 276','East Courtneyport','Mississippi','Central African Republic','29295',127.97),(301,12,'2021-03-05 00:00:00','7281 Shelly Burg','Williamland','Tennessee','Mauritius','64172',97.23),(302,2,'2021-08-12 00:00:00','356 Hebert Meadow Apt. 564','North Reginaberg','Louisiana','Falkland Islands (Malvinas)','45922',83.06),(303,105,'2022-04-12 00:00:00','945 Hernandez Mill','Hortonport','Minnesota','Uruguay','43236',69.28),(304,159,'2021-05-21 00:00:00','172 Phyllis Locks Apt. 722','West Eileentown','Louisiana','Gambia','69126',117.75),(305,190,'2022-05-08 00:00:00','274 White Crest','Angelamouth','Colorado','Liberia','22216',76.20),(306,142,'2024-03-15 00:00:00','57773 Melissa Isle','West Michael','Kansas','Pakistan','03621',143.35),(307,61,'2021-08-21 00:00:00','83599 Ramos Throughway Suite 921','North Brianhaven','Maryland','Turkey','69825',136.55),(308,240,'2022-04-17 00:00:00','0940 Mitchell Views','Port Crystal','Georgia','Colombia','09896',110.54),(309,181,'2021-11-20 00:00:00','66753 Kline Mill Apt. 714','Travisport','Alabama','New Zealand','03714',44.65),(310,239,'2021-05-12 00:00:00','4289 Eric Alley','Michaelberg','Tennessee','Korea','50771',126.00),(312,91,'2022-06-10 00:00:00','49506 Freeman Fords','Aliciaberg','Washington','Malta','55362',8.70),(313,162,'2024-10-10 00:00:00','016 Dunn Freeway','Valenciaview','Oregon','Togo','78255',115.73),(314,15,'2023-12-04 00:00:00','87714 Michael Avenue','North Haley','Alaska','Aruba','87276',115.05),(315,146,'2022-07-10 00:00:00','722 Amy Creek Apt. 988','Susanton','Illinois','Colombia','47344',98.37),(316,125,'2024-09-25 00:00:00','1101 Lucas Lock Apt. 179','Rodriguezberg','West Virginia','Monaco','45482',53.82),(317,201,'2024-01-13 00:00:00','2215 John Vista','Millerville','West Virginia','Aruba','85885',88.79),(318,148,'2023-02-14 00:00:00','797 Wood Mountain Suite 066','Kevinmouth','Maine','Western Sahara','32080',44.26),(319,115,'2024-07-16 00:00:00','92780 Melissa Radial','Morganshire','Rhode Island','Romania','03782',35.08),(320,231,'2024-04-28 00:00:00','5768 Robinson Throughway Apt. 380','West Sheena','South Carolina','Mauritania','78384',146.91),(321,182,'2021-03-02 00:00:00','471 Luis Isle','Hessstad','California','Niue','79171',44.60),(322,122,'2021-06-15 00:00:00','0329 Kelly Oval Suite 284','Lake Lucas','Kansas','Slovenia','52414',60.19),(323,37,'2021-08-20 00:00:00','9527 Gary Groves Apt. 647','West Michaelberg','Nebraska','Australia','69057',10.40),(325,144,'2023-04-20 00:00:00','795 Logan Camp Suite 498','Davidmouth','Rhode Island','Ireland','84450',41.54),(326,159,'2022-04-29 00:00:00','2171 Bonilla Mountains','Michaelside','Hawaii','Zambia','96109',138.09),(327,115,'2023-12-23 00:00:00','41512 Emily Center Apt. 646','Fitzgeraldfort','Oklahoma','Papua New Guinea','74181',65.94),(328,93,'2021-07-30 00:00:00','080 Ford Walks Suite 579','East Angelica','New Mexico','Finland','55831',28.06),(329,203,'2021-01-16 00:00:00','6027 Raymond Way','Port Leahbury','Nebraska','Benin','05379',13.80),(330,118,'2021-04-12 00:00:00','2051 House Road Apt. 430','New Sheilamouth','Michigan','Turks and Caicos Islands','09224',149.01),(331,48,'2021-12-21 00:00:00','57044 White Landing','Wrightmouth','Idaho','Zimbabwe','48117',30.40),(332,9,'2021-07-22 00:00:00','66403 Ryan Lake','South Pamela','Iowa','Cocos (Keeling) Islands','69292',145.26),(333,221,'2022-07-20 00:00:00','2510 Michael Rapids Apt. 589','West Robert','West Virginia','Maldives','82935',79.86),(334,102,'2023-05-01 00:00:00','25990 Deborah Lake','Randalltown','New York','New Zealand','95753',22.52),(335,17,'2024-03-18 00:00:00','3923 Oscar Trail','New Paulmouth','South Carolina','Macedonia','83038',62.73),(336,99,'2024-04-17 00:00:00','6652 Becky Via Suite 351','Lake Jason','Maine','Bhutan','69275',146.55),(337,175,'2022-02-17 00:00:00','43352 Philip Estates','Carlosfurt','Idaho','Holy See (Vatican City State)','60174',90.22),(338,12,'2023-11-01 00:00:00','80913 Danielle Row Suite 613','New Nicholasside','South Dakota','Tuvalu','62008',9.33),(339,18,'2024-09-03 00:00:00','90536 Blake Lock','Port Kelly','Maine','Liberia','00833',127.73),(340,26,'2021-12-11 00:00:00','4120 Kelly Rapid Suite 793','Spenceport','Alaska','Hungary','91307',84.76),(341,40,'2022-05-31 00:00:00','3438 Owens Forge','Jonborough','Washington','France','67155',32.26),(342,179,'2024-07-05 00:00:00','46192 Steven Pass Apt. 373','Lake Rickyhaven','South Carolina','Jordan','67749',120.19),(343,231,'2021-03-29 00:00:00','761 Thomas Mount','Port Kyle','New Jersey','Afghanistan','32275',110.53),(344,218,'2022-01-05 00:00:00','74746 Mark Ramp Suite 007','North Curtisfort','Pennsylvania','Russian Federation','07648',124.59),(345,104,'2024-04-17 00:00:00','436 Leonard Circle Apt. 805','Moniqueview','Illinois','Korea','11475',80.91),(347,159,'2022-09-16 00:00:00','1812 Berry Crest','East Steven','Illinois','Tonga','49852',112.74),(348,169,'2023-04-21 00:00:00','42578 Floyd Squares Apt. 649','Ortizfurt','North Carolina','Saudi Arabia','50970',37.58),(349,28,'2024-05-11 00:00:00','55028 Morrow View Suite 093','East Kim','South Dakota','Jamaica','95653',123.06),(350,74,'2022-01-09 00:00:00','4050 Donald Wells','Kennedymouth','Minnesota','Bahrain','35418',93.20),(351,6,'2022-04-24 00:00:00','02853 Travis Prairie Apt. 194','Vanessachester','South Dakota','Vanuatu','07885',92.53),(352,173,'2023-11-03 00:00:00','1213 Ramirez Dam','South Mario','Montana','Austria','63940',96.19),(353,71,'2023-11-07 00:00:00','74554 Allen Via','North Jerry','Colorado','Gibraltar','51851',106.34),(354,12,'2022-04-18 00:00:00','3426 Thomas Walk','Morrismouth','Oklahoma','Burundi','30699',133.29),(355,225,'2023-12-17 00:00:00','99598 Tamara Square Suite 343','Juanbury','West Virginia','Faroe Islands','98103',89.67),(356,197,'2023-05-21 00:00:00','2505 Moore Ramp Apt. 122','Harmonland','Michigan','Niue','60533',36.01),(357,57,'2024-06-27 00:00:00','40697 Heather Lodge','Martinville','North Carolina','Panama','93453',38.62),(358,182,'2024-08-09 00:00:00','08805 Kenneth Groves Suite 660','Brittanyborough','Alabama','Mali','26998',64.76),(359,18,'2021-04-03 00:00:00','3576 Orr Crescent','Fowlerport','Idaho','Venezuela','41445',69.99),(360,25,'2022-11-04 00:00:00','241 Hunter Branch','Katieberg','Kansas','Saint Helena','60234',45.11),(361,60,'2023-12-25 00:00:00','3636 Michael Mount Apt. 605','Michaelberg','South Dakota','San Marino','57670',42.47),(362,9,'2023-02-01 00:00:00','1759 Jennifer Stream Suite 854','Thompsonbury','Hawaii','Indonesia','78154',62.86),(363,239,'2024-04-14 00:00:00','0731 Turner Cliffs','South Charlesmouth','Alaska','Dominica','31559',56.58),(364,27,'2022-12-31 00:00:00','516 Nicole Mall Suite 247','Juliamouth','Wyoming','Tanzania','95306',68.98),(365,70,'2024-02-14 00:00:00','7895 Tyrone Cove Apt. 054','Christopherbury','Florida','Fiji','12781',12.28),(366,232,'2022-06-12 00:00:00','10743 Edwin Expressway','East Anneview','New Mexico','Malawi','28424',74.76),(367,86,'2021-03-19 00:00:00','87172 Rebecca Route Suite 113','North Paulland','New York','Brazil','95932',129.57),(368,167,'2023-02-06 00:00:00','821 Stacey Bridge Suite 957','Johnmouth','Tennessee','Sudan','24903',124.29),(370,14,'2022-12-09 00:00:00','590 Jessica Views Apt. 534','Paulahaven','South Carolina','Nigeria','31922',108.26),(371,199,'2021-05-30 00:00:00','9801 Rodriguez Mill','East Christopher','New Mexico','Jersey','18143',116.40),(372,89,'2022-08-22 00:00:00','4661 Henderson Inlet Apt. 596','Moraleshaven','Iowa','Myanmar','10007',96.25),(373,190,'2023-10-29 00:00:00','66060 Adams Islands Apt. 058','Lake Todd','Michigan','Saint Barthelemy','15686',137.27),(374,25,'2021-12-06 00:00:00','2369 Carolyn Corners Suite 449','New Lauren','West Virginia','Turks and Caicos Islands','50968',6.92),(375,100,'2023-07-27 00:00:00','51828 Sylvia Mountain Apt. 666','New Ashleyborough','Maine','Saint Kitts and Nevis','71898',144.62),(376,153,'2022-07-25 00:00:00','102 Price Overpass','East Nicolechester','Indiana','Latvia','34417',69.73),(377,65,'2023-10-17 00:00:00','4698 Williamson View','Wilcoxberg','New Mexico','Luxembourg','56055',134.44),(378,120,'2023-08-28 00:00:00','291 Abigail Circle','East Nicholasbury','Michigan','Tuvalu','75045',12.24),(379,108,'2021-09-18 00:00:00','1155 Smith Passage Apt. 178','Kleintown','Mississippi','Suriname','19353',11.17),(380,132,'2021-03-22 00:00:00','28875 Day Forest Apt. 608','Boylehaven','Virginia','Guadeloupe','31019',70.85),(381,13,'2024-11-24 00:00:00','38603 Sarah Way Apt. 520','Port Teresa','New York','Japan','13637',34.20),(382,112,'2023-01-22 00:00:00','32018 Lopez Ports','Wrightburgh','Maryland','Swaziland','55291',140.34),(383,126,'2022-07-31 00:00:00','41284 Phillips Wall Suite 909','New Erin','Ohio','Croatia','29622',125.56),(384,127,'2021-08-04 00:00:00','602 Valerie Tunnel','Johnnyborough','New York','Qatar','37287',129.48),(385,192,'2023-07-25 00:00:00','563 Richard Shore Apt. 029','West Raymondchester','Idaho','Thailand','82286',86.66),(386,217,'2023-05-03 00:00:00','601 Mccormick Summit','Angelaberg','Michigan','Kiribati','18976',64.89),(387,209,'2022-11-25 00:00:00','075 Benson Springs','South Whitney','South Dakota','Congo','36954',44.68),(389,60,'2022-10-01 00:00:00','384 Gregory Rest','Port Nathanielfort','Maine','Guam','66863',28.43),(390,221,'2024-08-18 00:00:00','1338 Morris Burg Suite 757','South Nathan','Mississippi','Moldova','96740',78.92),(391,203,'2021-11-26 00:00:00','9381 David Cape Apt. 137','West Ashleyview','Vermont','Mauritania','47984',37.29),(392,41,'2021-12-01 00:00:00','38653 Jessica Parkways','Lake Margaretstad','Idaho','Palau','41049',80.24),(393,93,'2021-12-08 00:00:00','11671 Mitchell Camp Suite 020','Port Karen','Arkansas','Indonesia','47442',84.43),(394,227,'2024-11-29 00:00:00','401 Samantha Garden Suite 638','Marshmouth','Utah','Liechtenstein','48337',101.12),(395,219,'2022-01-04 00:00:00','6637 Michael Springs','Port Sharonland','Alabama','France','65122',127.91),(396,223,'2024-10-04 00:00:00','7289 Stephanie Skyway','East Abigail','California','Thailand','86247',75.13),(397,40,'2024-10-30 00:00:00','0230 Mark Wall','Frostview','Massachusetts','Nauru','47821',17.90),(398,161,'2021-11-21 00:00:00','11801 Brown Stream Apt. 424','Boydchester','New Hampshire','Lesotho','90215',26.68),(399,237,'2023-01-04 00:00:00','94403 Elliott Divide Apt. 758','Donnaside','Delaware','India','75584',23.80),(400,218,'2024-05-04 00:00:00','637 Rachel Run','Dawsonberg','Idaho','Australia','84589',85.41),(401,183,'2023-10-22 00:00:00','277 Jeremy Ford','Berryshire','New Mexico','Albania','88218',46.80),(402,36,'2023-05-15 00:00:00','22864 Henry Way Apt. 997','Hinesside','Rhode Island','Holy See (Vatican City State)','81054',13.64),(403,208,'2021-08-09 00:00:00','35424 Stewart Circles Apt. 031','Cantrellview','Rhode Island','Ecuador','93199',135.96),(404,76,'2023-07-02 00:00:00','1350 Elijah Walks','North Sylviachester','Montana','Afghanistan','66697',68.43),(406,156,'2024-10-07 00:00:00','7440 Garcia Islands Suite 948','Samanthamouth','Oklahoma','Pakistan','30801',118.69),(407,100,'2024-06-15 00:00:00','40100 Tara Spur Apt. 387','South Marisamouth','Alabama','Macedonia','60506',20.83),(408,88,'2023-04-05 00:00:00','99110 West Shore','Amyberg','Missouri','New Zealand','67359',86.58),(409,235,'2021-07-12 00:00:00','748 Sanders Rapids Suite 262','Gomezstad','Rhode Island','Western Sahara','68454',24.74),(411,13,'2022-02-14 00:00:00','6692 Vasquez Hills Apt. 657','Lake Daniel','Montana','Denmark','49937',103.24),(412,39,'2024-07-13 00:00:00','208 Danielle Mount Suite 100','West Jamesmouth','Iowa','Solomon Islands','25657',102.63),(413,115,'2023-03-03 00:00:00','4706 Philip Rest Suite 731','East Nicole','New York','Estonia','31462',89.64),(414,65,'2022-07-25 00:00:00','400 Davis Turnpike Apt. 990','Jenniferville','Hawaii','Western Sahara','31821',87.85),(415,211,'2022-10-01 00:00:00','6437 Maria Shoals Apt. 035','South Rubenborough','Indiana','Heard Island and McDonald Islands','84088',106.50),(416,51,'2021-09-17 00:00:00','28113 Smith Vista','West Nicholasfort','Nevada','Libyan Arab Jamahiriya','83087',102.78),(417,109,'2024-04-02 00:00:00','7141 Michael Mountains Apt. 601','Alejandrotown','South Carolina','Myanmar','92891',8.80),(418,173,'2023-04-28 00:00:00','80596 Nicole Ranch Suite 445','New Jefferyfort','Michigan','Luxembourg','38724',64.32),(419,92,'2024-02-24 00:00:00','69974 Cooper Junction Apt. 434','Sheltonberg','Kansas','San Marino','81483',127.32),(420,49,'2022-11-10 00:00:00','620 Omar Mill','Susantown','Ohio','Sao Tome and Principe','74530',48.79),(421,12,'2024-12-25 00:00:00','747 Pruitt Radial','Juliamouth','Louisiana','Micronesia','42097',87.21),(422,159,'2022-05-16 00:00:00','46498 Green Pass Apt. 512','Sallystad','Arizona','Jordan','22207',118.71),(423,123,'2021-01-03 00:00:00','47587 Manuel Parkway Apt. 697','South Michaelfurt','North Carolina','Pitcairn Islands','65644',12.89),(424,51,'2024-02-26 00:00:00','150 Mcdaniel Ferry Apt. 053','East Kristen','North Carolina','Senegal','14574',84.49),(425,5,'2023-06-06 00:00:00','9673 Elizabeth Garden','Andersonchester','Massachusetts','Northern Mariana Islands','93202',6.74),(426,25,'2022-12-19 00:00:00','29282 Torres Ramp Apt. 834','North Kevin','New Jersey','Pitcairn Islands','12181',136.20),(427,15,'2023-10-10 00:00:00','170 Anthony Cove','Port Barry','Massachusetts','Chad','79575',107.28),(428,24,'2022-10-24 00:00:00','217 Austin Estate','North Connie','Alabama','Canada','03111',8.67),(429,100,'2021-08-24 00:00:00','97867 Hernandez Valleys Suite 937','West Michael','Kentucky','Indonesia','96726',33.23),(430,40,'2021-10-13 00:00:00','6219 Brooks Extensions Apt. 496','Lisafurt','Massachusetts','Tonga','52667',20.11),(431,51,'2022-09-27 00:00:00','1376 Smith Stravenue Apt. 529','Lake Carl','Connecticut','Niue','26282',18.60),(432,40,'2023-01-03 00:00:00','8616 Jessica Corner','Brianside','North Dakota','Solomon Islands','88240',139.68),(433,154,'2021-01-19 00:00:00','1979 Gray Village Suite 762','Lake Lori','Louisiana','Kenya','97319',49.53),(434,195,'2023-04-21 00:00:00','70163 Christian Stream','New Katiebury','Iowa','Uganda','28691',28.21),(435,201,'2021-07-02 00:00:00','942 White Orchard Suite 346','New Phillip','Alabama','Holy See (Vatican City State)','08907',131.83),(436,47,'2024-04-12 00:00:00','249 Ronnie Centers','Cynthiahaven','Idaho','Holy See (Vatican City State)','93771',77.98),(437,174,'2024-05-11 00:00:00','5690 Jasmine Stream','North Jacquelineport','Washington','Gambia','00681',57.14),(438,196,'2023-11-26 00:00:00','83496 Mccoy Mill Suite 687','Angelaville','New York','Central African Republic','02259',22.49),(439,83,'2022-10-16 00:00:00','513 Patterson Branch Suite 071','West Tracey','Pennsylvania','Mauritania','97716',142.91),(440,160,'2021-01-22 00:00:00','906 Mark Ridges','Andrechester','Florida','Afghanistan','26203',136.13),(441,73,'2024-08-21 00:00:00','5817 Lee Mountain Apt. 790','Zamorafurt','Tennessee','China','26846',12.81),(442,125,'2024-10-13 00:00:00','556 Riley Station','Lake Christine','Oklahoma','Bahamas','56017',117.44),(443,27,'2023-07-19 00:00:00','264 Jessica Brook','East Kristina','Massachusetts','Pitcairn Islands','76074',80.59),(445,250,'2021-02-11 00:00:00','9426 Derrick Cliffs','Jasonbury','Rhode Island','Monaco','21808',109.54),(446,25,'2023-10-11 00:00:00','41009 Kimberly Skyway','Andrewmouth','Utah','Cote d\'Ivoire','80248',46.81),(447,38,'2023-05-26 00:00:00','42125 Michael Ramp','Christopherside','Indiana','Latvia','67736',114.65),(448,218,'2023-07-29 00:00:00','34234 Anthony Walks','East Jonathan','Arizona','Japan','33051',138.04),(449,63,'2021-11-29 00:00:00','989 Melvin Ramp','Aguilarburgh','Arizona','Bangladesh','13655',48.21),(450,170,'2024-12-18 00:00:00','94580 Matthew Islands Apt. 538','North Heather','Idaho','Sweden','65860',104.77),(451,150,'2023-11-03 00:00:00','652 Bryce Forges','West Davidstad','Nevada','Malawi','89211',123.99),(452,216,'2024-10-14 00:00:00','9926 Miller Mill','New Marcus','New York','Solomon Islands','13482',14.86),(453,5,'2024-11-04 00:00:00','22663 Williams Spur','Aaronport','Missouri','Haiti','06753',133.60),(454,183,'2022-02-04 00:00:00','266 Richard Court Suite 625','Lake William','Wisconsin','Bulgaria','82458',39.57),(455,142,'2023-05-12 00:00:00','8097 Thomas Underpass','Lake Kyletown','Iowa','Saint Pierre and Miquelon','64192',140.26),(456,91,'2024-02-12 00:00:00','7864 Salas River','Scottton','North Carolina','Bangladesh','46812',55.08),(457,64,'2024-11-14 00:00:00','542 Jeffrey Mission Suite 504','Lake Alexander','Arizona','Kuwait','34432',61.37),(459,17,'2023-11-13 00:00:00','281 Eric Station','North Robert','Nebraska','Jersey','39011',106.49),(460,157,'2021-12-21 00:00:00','58236 Raymond Forest Apt. 673','Amandatown','West Virginia','Sudan','50426',12.37),(461,73,'2021-11-07 00:00:00','531 Rivas Burg Suite 462','Lake Joshuafort','Maryland','Costa Rica','51054',129.40),(462,64,'2022-06-07 00:00:00','27977 Jennifer Village','Ritterview','Texas','France','00738',126.06),(463,196,'2024-08-19 00:00:00','056 Joanna Park Apt. 779','North Dylanmouth','Alaska','Saint Pierre and Miquelon','73384',137.63),(464,90,'2022-09-27 00:00:00','896 Ochoa Trail Apt. 520','Kyliefort','Minnesota','Turkmenistan','61491',63.55),(465,127,'2023-11-04 00:00:00','9245 Bethany Circle','Robertburgh','Iowa','Gabon','54793',22.62),(466,46,'2023-12-30 00:00:00','0510 Townsend Tunnel','Kellyview','South Dakota','Christmas Island','09811',114.33),(467,197,'2024-12-07 00:00:00','850 Michael Inlet Apt. 834','Joseborough','Hawaii','Jamaica','98145',45.10),(468,4,'2021-11-10 00:00:00','941 Pam Course Suite 581','New Nicholasport','Connecticut','Kyrgyz Republic','86557',43.35),(469,141,'2023-01-01 00:00:00','286 Wright Expressway Apt. 951','North Timothy','Florida','Cameroon','15056',81.40),(470,41,'2022-05-18 00:00:00','023 Johnson Drives Suite 424','Oscartown','Indiana','Gibraltar','94751',30.64),(471,104,'2022-06-23 00:00:00','7977 Medina Land Suite 416','Lake Richardland','Pennsylvania','Iran','06398',82.02),(472,149,'2023-11-14 00:00:00','79043 Gibson Meadow Suite 639','Port Vernon','North Dakota','Kiribati','55846',30.27),(473,129,'2021-04-02 00:00:00','5765 Price Tunnel','Wallacefurt','Ohio','Togo','04345',78.21),(474,201,'2021-08-19 00:00:00','08296 Newton Isle Suite 836','South Barbara','Mississippi','Haiti','05350',53.49),(475,21,'2022-06-10 00:00:00','5907 Payne Mountain Suite 116','Lake Corychester','New Mexico','Myanmar','59266',48.44),(476,14,'2022-01-01 00:00:00','3132 Adrian Stravenue Apt. 243','Christianberg','Illinois','Switzerland','05759',54.93),(478,188,'2023-12-06 00:00:00','78128 Lynch Flat Apt. 816','New Joseph','Louisiana','Falkland Islands (Malvinas)','68364',33.96),(479,164,'2021-05-24 00:00:00','35630 Ashley Estate','North Tamara','New Jersey','Austria','14516',49.29),(480,164,'2021-02-19 00:00:00','723 Matthew Courts','South Monicaborough','Mississippi','Mongolia','86888',134.83),(481,115,'2024-03-25 00:00:00','0890 Warren Islands','Brittanybury','Kansas','Senegal','81494',50.88),(482,158,'2022-08-24 00:00:00','44019 Lee Crossing Apt. 624','West Denniston','Nebraska','San Marino','48243',29.57),(483,20,'2022-05-24 00:00:00','4938 David Mount','Bradleyshire','Indiana','Afghanistan','50764',31.91),(484,25,'2021-04-16 00:00:00','89567 Johnston Mountains','North Michelle','Alabama','Russian Federation','77756',125.71),(485,98,'2024-12-08 00:00:00','76409 Mason Falls','New Robert','Nebraska','Indonesia','17368',121.47),(486,116,'2021-01-28 00:00:00','19219 Nathaniel Fords','Clarkstad','Louisiana','Puerto Rico','85263',9.09),(487,198,'2021-09-10 00:00:00','627 Kaitlyn Stream Apt. 076','Robertfurt','Maine','Namibia','81325',37.42),(488,19,'2022-03-16 00:00:00','647 Richard Mews Suite 491','West Susan','Washington','Northern Mariana Islands','10275',57.54),(489,203,'2021-07-16 00:00:00','265 Fields Squares','East Randyville','Texas','Singapore','83353',43.69),(490,79,'2024-03-27 00:00:00','2930 Adams Well Apt. 645','Davidtown','Idaho','Cuba','99177',137.21),(491,70,'2022-01-11 00:00:00','6059 Deanna Inlet','East Susan','Utah','Reunion','41104',104.99),(492,216,'2021-05-13 00:00:00','008 James Station Suite 710','West Nancyburgh','Delaware','Tanzania','71068',149.84),(493,16,'2023-12-14 00:00:00','885 Eric Brook','Lake Samantha','Louisiana','Czech Republic','24216',100.79),(494,106,'2023-11-03 00:00:00','565 Mills Station Suite 760','New Stephanietown','Rhode Island','Qatar','02291',63.15),(496,83,'2021-10-29 00:00:00','9256 Larry Ramp','South Stephanieburgh','Pennsylvania','Uruguay','56124',147.34),(497,234,'2022-07-06 00:00:00','256 David Vista Apt. 068','Randyside','Washington','Saint Martin','98385',7.97),(498,168,'2022-07-16 00:00:00','193 Cassandra Turnpike Apt. 300','Simmonston','New Jersey','Svalbard & Jan Mayen Islands','58019',11.20),(499,20,'2024-11-15 00:00:00','381 Jennifer Cove Apt. 080','Thomasport','Illinois','Tuvalu','29867',34.55),(500,59,'2023-04-25 00:00:00','48976 Stacey Knoll Apt. 075','East Mark','Wyoming','Northern Mariana Islands','21174',18.04),(501,212,'2023-02-04 00:00:00','6804 Marie Shore Apt. 392','West Amanda','Idaho','Iceland','20625',108.75),(502,58,'2022-02-06 00:00:00','1817 Christopher Corners Apt. 428','Jessicaland','Virginia','Guam','27809',54.31),(503,193,'2021-02-10 00:00:00','0825 Carter Track','Joshuamouth','Kentucky','Saint Martin','56016',66.27),(504,74,'2021-03-17 00:00:00','8048 Fowler Track','New Williamshire','New York','Switzerland','30270',123.96),(505,112,'2024-04-19 00:00:00','11177 Rios Vista Suite 123','West Wayneville','Hawaii','Lithuania','36818',31.01),(506,5,'2024-09-02 00:00:00','50588 Shirley Shores Suite 025','Port Brian','Vermont','Sao Tome and Principe','22671',67.00),(507,68,'2024-08-26 00:00:00','5943 James Wells','Katiefort','New York','Philippines','03838',64.40),(508,96,'2022-11-21 00:00:00','984 Bridget Bypass','Lauraland','Alaska','Russian Federation','87001',65.46),(509,139,'2024-07-02 00:00:00','963 Turner Pines Apt. 463','West Sean','Illinois','Togo','81462',44.24),(510,76,'2024-12-15 00:00:00','3948 Martinez Village','Santiagofort','New Hampshire','Korea','93426',7.01),(511,93,'2023-10-22 00:00:00','594 Wright Circle','Lopezborough','Alabama','Thailand','11452',89.09),(512,41,'2023-09-13 00:00:00','7575 Smith Route Suite 904','Kellystad','Texas','Nepal','21162',53.25),(513,26,'2023-02-20 00:00:00','324 Donna Mountain Apt. 353','Kerrhaven','Idaho','Congo','47958',116.99),(514,190,'2022-04-30 00:00:00','690 Ian Mountain Suite 324','Lake Anthony','Iowa','Gibraltar','18857',83.54),(515,222,'2024-07-04 00:00:00','118 Mcguire Tunnel Apt. 578','Williamstad','Louisiana','Netherlands','22751',136.53),(516,163,'2022-06-14 00:00:00','4072 Johnson Fords Suite 169','New Meghanfort','Illinois','Sierra Leone','20157',37.01),(517,15,'2023-07-06 00:00:00','28539 Davis Well','North Leslieberg','New Jersey','Nauru','26652',33.67),(518,26,'2023-06-04 00:00:00','10353 Morgan Rapids','Matthewport','New Mexico','Swaziland','35779',118.58),(519,218,'2021-03-08 00:00:00','28407 Berry Curve','Lake Wendy','Oklahoma','Norfolk Island','82296',37.59),(520,73,'2021-04-11 00:00:00','7816 White Plains','North Dannyborough','Michigan','Kuwait','59113',16.94),(521,186,'2024-01-03 00:00:00','83430 Danielle Throughway','East Annamouth','Utah','Venezuela','09506',21.39),(522,167,'2023-07-20 00:00:00','8186 Kevin Forest','North Victoria','Utah','Denmark','68621',29.23),(523,126,'2021-11-14 00:00:00','772 Johnson Roads Suite 704','New Karenville','North Dakota','Bhutan','29456',114.04),(524,246,'2024-02-27 00:00:00','80328 Thomas Loop Apt. 218','Davidfort','Pennsylvania','Ecuador','26034',135.79),(525,209,'2022-05-01 00:00:00','6106 William Field Apt. 289','West Stevenville','Louisiana','British Virgin Islands','58922',39.93),(526,58,'2022-08-25 00:00:00','75406 Thomas Run','Mariaborough','Pennsylvania','Cook Islands','79217',108.00),(527,4,'2021-10-31 00:00:00','048 Juan Via','Elizabethberg','Kansas','Turkey','86889',91.04),(528,241,'2022-03-09 00:00:00','74987 Gonzalez Vista Suite 496','Jessicaport','Alaska','Syrian Arab Republic','21066',19.44),(530,140,'2021-07-16 00:00:00','72119 Herrera Views','Devonhaven','North Carolina','Cape Verde','90746',31.18),(531,48,'2023-05-18 00:00:00','227 Lindsey Shores','East John','Vermont','Kazakhstan','17070',128.18),(532,147,'2022-09-29 00:00:00','03490 Steve Grove','North Georgefort','Wyoming','Dominica','47454',76.23),(533,98,'2022-09-15 00:00:00','35413 Miller Common Apt. 490','Janicefort','Michigan','Russian Federation','84943',57.01),(534,70,'2023-09-05 00:00:00','909 Vincent Lake','South David','Virginia','Norway','12216',24.74),(535,182,'2021-09-08 00:00:00','643 Perkins Turnpike Apt. 416','Davisview','South Dakota','Mauritania','91266',76.00),(536,27,'2024-06-07 00:00:00','368 Jeffrey Villages Apt. 706','Bradleyland','Texas','Nigeria','06139',93.39),(537,87,'2023-08-08 00:00:00','311 Desiree Wall','South William','Michigan','Equatorial Guinea','01089',89.33),(538,155,'2022-03-27 00:00:00','889 Ward Lane','North Marcus','Missouri','Saint Martin','63021',32.84),(539,97,'2023-07-18 00:00:00','277 Robert Forge','East Aaronview','Oklahoma','Serbia','76504',138.18),(540,53,'2021-01-19 00:00:00','01059 Stafford Trace','North Kelseyview','Montana','Luxembourg','03127',8.37),(542,104,'2023-01-01 00:00:00','410 Tiffany Courts','East Stevenland','Massachusetts','Andorra','42792',51.02),(543,3,'2023-10-25 00:00:00','653 Strong Freeway','Johnsonbury','Indiana','Palestinian Territory','21403',16.51),(544,59,'2023-07-20 00:00:00','95216 Holmes Cove','Nguyenmouth','Delaware','Saudi Arabia','69134',88.96),(545,217,'2022-06-07 00:00:00','9882 Freeman Rue','North Annette','Minnesota','Congo','16483',117.29),(546,205,'2023-02-20 00:00:00','0947 David Street','Brownchester','Oklahoma','Sudan','27451',42.22),(547,230,'2021-03-13 00:00:00','550 Walker Dale','Colleenchester','Vermont','Indonesia','56846',26.90),(548,185,'2021-05-23 00:00:00','6349 Harris Street','South Justin','Louisiana','Togo','61369',17.34),(549,187,'2021-10-28 00:00:00','79737 Smith Throughway','North Gabriela','Nebraska','Nauru','11310',89.49),(550,38,'2024-02-01 00:00:00','6455 Leah Turnpike','East Derek','Florida','Tokelau','80703',123.29),(551,250,'2024-10-30 00:00:00','8768 Newman Prairie','Daytown','Kansas','Djibouti','87871',18.81),(552,32,'2021-03-12 00:00:00','934 White Hollow','Michelebury','Colorado','Tokelau','19855',59.04),(553,151,'2022-07-18 00:00:00','6530 Heather Ranch','Port Christopherhaven','Montana','Tokelau','74825',132.56),(554,95,'2021-08-17 00:00:00','9519 Schmidt Station','Lake Johnburgh','Wyoming','Israel','28528',102.54),(555,149,'2022-03-20 00:00:00','133 Anthony Freeway Suite 685','Williamburgh','North Dakota','Tunisia','89698',133.69),(556,243,'2023-02-01 00:00:00','8621 Monica Haven','Allisonland','South Dakota','Malta','64335',23.20),(557,113,'2023-04-02 00:00:00','89247 Jennifer Neck','Karenshire','Florida','Paraguay','18793',35.69),(558,151,'2024-03-27 00:00:00','24659 Moore Shore','Baileyside','Tennessee','Thailand','99527',59.19),(559,41,'2021-11-13 00:00:00','09138 Sara Mill Suite 694','West Jeffrey','North Dakota','Holy See (Vatican City State)','66614',149.14),(561,23,'2021-11-18 00:00:00','1512 Ward Circles Apt. 452','West Josephmouth','Connecticut','Tanzania','13754',94.56),(562,10,'2022-10-23 00:00:00','38202 Richard Ville','West Alicia','Texas','Korea','87178',20.44),(564,36,'2024-12-13 00:00:00','37540 Melissa Dam','Port Jeffreyview','Washington','Tajikistan','09818',44.40),(565,40,'2024-02-21 00:00:00','762 Turner Club','North Josephville','Rhode Island','Pakistan','34305',68.74),(566,220,'2022-04-21 00:00:00','0467 Sandra Trail Apt. 819','Amberport','Alabama','Morocco','95385',54.07),(567,128,'2023-03-27 00:00:00','6427 Goodman Mission Apt. 359','Port Karen','Alaska','Saint Martin','91005',70.85),(568,144,'2023-09-27 00:00:00','43540 Brian Rest Suite 669','Jessicaborough','Louisiana','Cuba','92148',8.73),(569,10,'2024-11-18 00:00:00','4989 Smith Ports Apt. 501','Conniemouth','Kansas','China','03463',83.90),(570,43,'2021-08-10 00:00:00','6111 Gilbert Lane Suite 727','Helenfort','Arkansas','Romania','98491',52.45),(571,106,'2022-10-25 00:00:00','7595 Thomas Crest','Carterton','South Carolina','Albania','02509',33.30),(572,84,'2024-12-30 00:00:00','390 Ronald Rue Suite 321','New Renee','Tennessee','Luxembourg','72479',120.67),(573,81,'2022-03-23 00:00:00','92113 Jade Summit Apt. 604','Collinsport','Delaware','Nepal','80568',101.77),(574,123,'2022-11-24 00:00:00','75688 Faith Hill','East Paul','Indiana','Djibouti','95557',110.58),(575,105,'2022-05-05 00:00:00','90518 Micheal Cape Apt. 769','Lake Derek','Louisiana','Bhutan','00873',29.10),(576,194,'2023-10-05 00:00:00','320 Rivas Pass Suite 612','North Christopherland','Vermont','Vietnam','35479',68.47),(577,81,'2021-11-11 00:00:00','7767 Lauren Knoll','Lake Patrickport','Rhode Island','United Arab Emirates','99600',15.62),(578,76,'2021-03-25 00:00:00','973 Glover Pass','Amandabury','Massachusetts','Georgia','39680',125.31),(579,167,'2021-07-18 00:00:00','4519 Abigail Keys Suite 360','Melindamouth','Alaska','Dominica','10635',138.26),(580,52,'2021-09-24 00:00:00','5647 Smith Turnpike','East Jeffrey','Montana','Myanmar','90243',113.88),(581,250,'2022-07-12 00:00:00','0105 Katie Glen Suite 912','Roberttown','South Dakota','Kiribati','34418',77.99),(582,69,'2021-07-11 00:00:00','67261 Rachel Corner','North Christineton','Maryland','Haiti','55010',23.95),(583,247,'2021-03-12 00:00:00','2667 John Springs Apt. 003','South Kellybury','Ohio','Czech Republic','68073',42.77),(584,117,'2022-04-07 00:00:00','04066 Dustin Centers Suite 299','New Nicholas','Texas','Mali','01769',44.59),(585,177,'2024-01-16 00:00:00','16710 Todd Flat Suite 101','Saraburgh','Rhode Island','France','49729',116.55),(586,50,'2021-07-02 00:00:00','148 Schmidt Views Suite 470','Port Christophermouth','Maine','Luxembourg','44410',20.71),(587,205,'2022-10-07 00:00:00','754 Thompson Trafficway','North Kristy','Michigan','Swaziland','91724',111.25),(588,53,'2021-08-11 00:00:00','1348 Paul Square Suite 987','Donaldchester','Kansas','Dominica','25033',118.54),(589,201,'2021-03-04 00:00:00','4761 John Lodge','South Renee','North Carolina','Saint Helena','21659',8.86),(590,148,'2022-05-06 00:00:00','621 Cummings Circle Apt. 973','Paulastad','Michigan','Bouvet Island (Bouvetoya)','90614',136.71),(591,85,'2023-10-26 00:00:00','5073 Lee Island','Lake Julie','Utah','El Salvador','77276',60.25),(592,150,'2022-05-15 00:00:00','914 Kristi Light','Mayerchester','Illinois','Turkmenistan','99482',75.48),(593,167,'2024-04-08 00:00:00','8047 Shawna Lock','South Timothytown','Michigan','Tokelau','09640',34.10),(594,196,'2022-08-18 00:00:00','37798 Travis Crescent Suite 173','Codytown','Vermont','Algeria','51754',136.04),(595,45,'2023-09-09 00:00:00','28384 Lisa Lodge Apt. 666','Susanberg','Massachusetts','Thailand','98294',142.53),(596,138,'2021-07-10 00:00:00','08828 Scott Mountain Suite 873','Davenportville','Nebraska','Uruguay','78357',47.49),(597,194,'2024-11-27 00:00:00','653 James Road','Meganborough','Nebraska','Panama','77405',91.08),(598,52,'2023-04-04 00:00:00','952 Williams Lakes Apt. 073','Lake Christopher','New Mexico','Ghana','84643',147.34),(599,50,'2021-03-16 00:00:00','1624 Moody Bridge Apt. 834','Lake Sarahchester','Maine','Iran','22067',21.90),(600,37,'2022-09-27 00:00:00','503 Holmes Motorway Apt. 608','New Maryborough','New York','Guyana','69497',74.98),(601,71,'2024-06-07 00:00:00','89138 Hernandez Falls Apt. 335','Timothychester','Rhode Island','Belize','94377',137.47),(602,217,'2023-07-29 00:00:00','87931 Lee Harbors','Ericfort','South Carolina','Zimbabwe','76130',100.70),(603,63,'2023-01-24 00:00:00','10747 Terrence Points Suite 794','South Eileen','California','French Southern Territories','93868',72.25),(604,198,'2024-04-17 00:00:00','2804 Perez Via','North Jennifer','Ohio','Romania','97198',10.79),(605,208,'2022-04-16 00:00:00','72489 Alejandro Isle','West Amandaport','Wisconsin','India','08892',46.33),(606,154,'2021-10-13 00:00:00','184 Martin Rapid','Brendamouth','Michigan','Tanzania','08097',26.43),(607,36,'2022-07-13 00:00:00','3200 Daniel Brook','Rogersfort','Indiana','Singapore','26798',63.94),(608,21,'2023-09-06 00:00:00','021 Campbell Knoll Suite 443','Hickmanchester','Nevada','Djibouti','10378',26.55),(609,249,'2022-06-10 00:00:00','34150 Jesse Radial Apt. 274','Meganshire','Wisconsin','Venezuela','53796',15.25),(610,246,'2023-05-12 00:00:00','105 Kimberly Dam Suite 690','Samanthatown','North Carolina','Madagascar','48737',95.45),(611,107,'2022-08-02 00:00:00','95826 Kathryn Neck Suite 303','Port Briannafort','Rhode Island','Kyrgyz Republic','95364',18.04),(612,186,'2021-06-22 00:00:00','2572 Cassandra Corners Suite 426','Rebeccaton','Ohio','Haiti','19643',141.35),(613,13,'2023-05-29 00:00:00','093 Brandi Knolls','East Norman','Connecticut','Andorra','36835',67.56),(614,16,'2022-04-22 00:00:00','140 April Trail','Kingborough','Oregon','Romania','96329',122.79),(615,232,'2023-10-20 00:00:00','487 Jesse Squares Suite 672','South Kendra','Kansas','Micronesia','09012',60.43),(616,144,'2022-11-12 00:00:00','47811 Damon Ville','Chrisview','Arkansas','French Guiana','35816',19.32),(617,161,'2021-04-23 00:00:00','016 Gonzalez Isle Apt. 827','Cortezmouth','Maine','Saint Barthelemy','23818',81.06),(618,7,'2023-08-10 00:00:00','03113 Terri Meadow','Romerohaven','Missouri','Namibia','59311',95.79),(619,71,'2022-06-28 00:00:00','784 Li Heights','Michaelhaven','Connecticut','Chile','48704',37.41),(620,127,'2022-04-29 00:00:00','126 Christopher Expressway','East Kelly','Connecticut','Haiti','99656',91.52),(621,138,'2024-11-26 00:00:00','82799 William Circle Apt. 039','North Desireetown','Maine','Anguilla','56919',43.63),(622,125,'2022-03-11 00:00:00','2256 Jones Stream','Lake Zacharychester','North Carolina','Netherlands Antilles','25298',126.02),(623,20,'2022-11-23 00:00:00','50858 Christy Tunnel','Lake Brittany','Utah','Benin','87292',123.36),(624,53,'2022-05-17 00:00:00','7277 Thomas Harbors','Erikashire','Montana','Cote d\'Ivoire','54837',53.94),(625,15,'2023-07-04 00:00:00','13044 Shannon Junction Suite 318','Gardnermouth','Washington','Svalbard & Jan Mayen Islands','82051',82.00),(626,92,'2023-07-25 00:00:00','2765 Lang Rue','South Michelle','Idaho','Haiti','33025',122.36),(628,38,'2024-05-07 00:00:00','04493 White Camp','South Judy','Louisiana','Sierra Leone','13771',149.45),(629,139,'2024-07-04 00:00:00','65102 John Shoal Suite 405','South Patriciamouth','Alabama','Mongolia','96992',132.30),(630,134,'2023-01-12 00:00:00','589 Brad Motorway Apt. 816','Kaylaberg','Oklahoma','Guatemala','22432',49.27),(631,239,'2024-06-11 00:00:00','969 Rebecca Trace','North Kelly','Minnesota','Brazil','04297',15.12),(632,192,'2021-03-23 00:00:00','54838 Stevens Pines Apt. 597','Jefferyside','Texas','Seychelles','63487',30.93),(633,21,'2022-07-10 00:00:00','37037 Drew Lights','Michelleland','Alaska','Puerto Rico','24586',121.27),(634,244,'2023-04-29 00:00:00','3963 Cindy Lakes Apt. 760','Port Michael','Utah','Mauritania','82592',37.98),(635,59,'2023-11-04 00:00:00','6224 Robles Green Apt. 041','Kevintown','Mississippi','Bulgaria','87748',74.70),(636,234,'2021-07-16 00:00:00','0997 Williams Trail','Garrettchester','West Virginia','Congo','20023',21.50),(637,227,'2021-10-12 00:00:00','06671 Randolph Radial Suite 019','Sarahhaven','Arkansas','Uzbekistan','03990',51.43),(638,94,'2021-03-17 00:00:00','8350 Maldonado Passage Apt. 172','Chanborough','Massachusetts','Kazakhstan','40612',36.70),(639,86,'2022-01-28 00:00:00','816 Rodriguez Terrace Suite 320','Port Thomas','Colorado','Guam','53726',90.65),(640,76,'2024-10-20 00:00:00','73812 Rebecca Route Apt. 177','Alyssaview','Utah','Uganda','63699',110.53),(641,67,'2021-04-24 00:00:00','4644 Matthew Rapids Suite 826','Davisberg','Ohio','Central African Republic','55672',19.66),(642,197,'2021-10-10 00:00:00','519 Kidd Valley','New Harryhaven','Utah','Cape Verde','02620',123.44),(643,49,'2024-02-17 00:00:00','6800 Adam Unions Suite 218','Carlosburgh','New Hampshire','Western Sahara','49898',70.23),(644,30,'2024-12-06 00:00:00','42801 Laura Mount','Kimberlyview','Wisconsin','Senegal','12426',18.71),(645,223,'2021-06-23 00:00:00','656 Tyler Track','Andreton','Maryland','Qatar','01800',147.31),(646,248,'2022-05-03 00:00:00','99367 Benjamin Oval Suite 294','North Juanmouth','California','Moldova','96724',72.75),(647,32,'2021-08-30 00:00:00','7934 Stanton Mission','South Russell','North Dakota','South Africa','03731',117.83),(648,36,'2024-05-04 00:00:00','094 Victoria Isle','Thomasshire','Maine','Norway','98919',62.53),(649,207,'2023-11-24 00:00:00','9696 Schmidt Summit','Jessicaview','South Dakota','Denmark','79983',39.25),(650,223,'2021-10-14 00:00:00','62658 Bonnie Plains','Nicoleview','Wisconsin','Palau','57228',77.39),(651,160,'2023-04-21 00:00:00','7633 Kelly Mall','Carrollchester','North Dakota','Liberia','32210',60.86),(652,72,'2022-07-05 00:00:00','40319 James Via','Robertsfort','Texas','Canada','33252',6.93),(653,97,'2023-06-03 00:00:00','15954 Smith Corner Apt. 082','Julieside','North Dakota','Timor-Leste','13225',109.02),(654,104,'2023-10-19 00:00:00','1963 Christopher Roads Suite 054','East David','West Virginia','Faroe Islands','01614',118.34),(655,47,'2022-11-02 00:00:00','16879 Downs Springs','South Laura','Nebraska','Grenada','28971',66.75),(656,138,'2024-12-11 00:00:00','8348 Gomez Bridge Suite 903','New Sean','New Mexico','Grenada','46291',89.12),(657,211,'2022-04-24 00:00:00','92664 Ann Locks','South Alexis','West Virginia','French Guiana','21954',12.06),(658,239,'2021-06-09 00:00:00','496 Brett Loop','Marymouth','Indiana','Bahamas','45572',11.44),(659,7,'2022-08-11 00:00:00','4599 Nolan Prairie Suite 213','Lake Adrianaland','Georgia','Ukraine','63370',66.33),(660,210,'2024-11-30 00:00:00','50122 Monica Flat','Haynesberg','New Mexico','Palestinian Territory','54898',20.52),(661,245,'2022-12-24 00:00:00','412 Ryan Way Apt. 492','Grayburgh','Rhode Island','British Virgin Islands','00937',89.09),(662,199,'2023-11-20 00:00:00','23481 Chavez Cape','Leeborough','West Virginia','Kenya','76738',68.33),(663,21,'2023-03-26 00:00:00','0490 Bennett Turnpike','West Patriciachester','Pennsylvania','Gambia','44167',73.99),(664,248,'2021-09-05 00:00:00','17130 Barbara Greens Apt. 340','South Joseph','Ohio','Montserrat','32898',127.69),(665,44,'2021-05-29 00:00:00','330 John Bridge','Port Catherine','Delaware','Botswana','02528',141.41),(666,39,'2022-11-20 00:00:00','55572 Potter Parks','Gillton','Colorado','Argentina','08361',79.88),(667,243,'2024-06-01 00:00:00','1723 Nguyen Meadow Suite 346','Brownhaven','Arizona','Italy','32811',72.96),(668,48,'2021-02-13 00:00:00','609 Russell Grove','East Zacharybury','Tennessee','Qatar','96817',107.36),(669,29,'2023-01-25 00:00:00','8464 Mcclain Crossroad Suite 454','Denisemouth','North Dakota','Tokelau','68714',47.06),(670,216,'2022-08-07 00:00:00','7009 Angela Burg','Lake Robert','New York','Moldova','16738',95.55),(671,109,'2022-09-19 00:00:00','63044 Buckley Stream Apt. 885','North Zachary','Pennsylvania','Netherlands Antilles','87773',109.67),(672,77,'2021-04-23 00:00:00','577 Smith Brook','New Sarahmouth','Kentucky','Ethiopia','76463',24.07),(673,227,'2021-11-19 00:00:00','2798 Love Route Apt. 732','Gloverberg','West Virginia','Turks and Caicos Islands','65981',71.96),(674,75,'2023-09-18 00:00:00','309 Craig Shores Apt. 966','East Leroyfort','California','Azerbaijan','78473',28.21),(675,131,'2021-05-28 00:00:00','15554 Richard Street Suite 500','Lake Johnnyland','South Carolina','Reunion','94293',65.56),(676,219,'2023-05-05 00:00:00','838 James Fields','South Jessica','Pennsylvania','Libyan Arab Jamahiriya','31633',74.33),(677,217,'2024-08-03 00:00:00','862 Mario Spring Suite 962','South Benjaminfort','Rhode Island','Western Sahara','43629',82.29),(678,57,'2024-11-12 00:00:00','600 Amanda Path','East Alexander','South Dakota','Guadeloupe','96764',79.51),(679,16,'2023-01-25 00:00:00','59411 Beasley Port Suite 192','Ortegaborough','Ohio','Cocos (Keeling) Islands','15250',127.53),(680,9,'2021-01-02 00:00:00','627 Karen Well','North Noahport','Kansas','Bulgaria','41104',102.80),(681,1,'2023-11-20 00:00:00','9455 Simpson Meadows Suite 109','Port Wendyfort','New Jersey','Tonga','59225',63.98),(682,95,'2024-11-24 00:00:00','71868 Micheal Motorway Suite 633','West Robertberg','Kentucky','Dominica','97579',120.60),(683,134,'2021-08-16 00:00:00','462 Brady Point','New Colleen','Maine','Brazil','76202',136.77),(684,145,'2021-03-08 00:00:00','4496 Barnes Course','Lake Monica','New Mexico','Moldova','33208',99.71),(685,50,'2024-03-08 00:00:00','0468 Williams Freeway','West Andrea','New Hampshire','Belize','45705',43.41),(686,125,'2023-02-26 00:00:00','01735 Lambert Stream Suite 337','West Jasonbury','Kansas','New Zealand','25464',54.83),(687,194,'2021-12-28 00:00:00','3128 Eric Drive Suite 149','Brittanyborough','Massachusetts','Kiribati','18521',100.52),(688,249,'2023-05-07 00:00:00','68445 Russell Ferry','East Stephen','Wisconsin','Montenegro','83714',61.57),(689,25,'2024-09-10 00:00:00','43835 Zachary Mission','Lake Christina','Delaware','Yemen','91215',18.67),(690,99,'2023-12-05 00:00:00','37314 Mark Land','Pamelaborough','North Carolina','Tajikistan','69594',51.26),(691,4,'2022-03-21 00:00:00','6804 Smith Cove Suite 249','South Malik','Oregon','Heard Island and McDonald Islands','36144',44.23),(692,146,'2021-01-16 00:00:00','939 Ford Light','North Megan','Delaware','Kiribati','77328',86.52),(693,214,'2023-12-14 00:00:00','7619 Alvarado Hill','Alexanderchester','Mississippi','Latvia','97734',139.62),(694,39,'2022-11-27 00:00:00','44128 Black Mountains Apt. 448','Christopherfort','Maine','Saint Helena','62452',132.82),(695,44,'2021-03-28 00:00:00','6747 Summers Hills Apt. 797','New Robert','Utah','Kenya','78119',115.12),(696,151,'2021-12-14 00:00:00','383 Angela Turnpike','South Andrealand','Pennsylvania','Marshall Islands','88959',108.10),(697,193,'2024-08-16 00:00:00','2749 George Highway','North Judy','New Hampshire','Liechtenstein','59093',102.63),(698,67,'2021-04-28 00:00:00','159 Watson Island','Smithfort','Minnesota','Mongolia','73655',110.85),(699,195,'2022-05-06 00:00:00','61812 Brett Land Suite 952','New Cynthiafort','New Hampshire','Burundi','70958',67.91),(700,165,'2022-02-24 00:00:00','337 Henry Row Suite 616','Noblestad','Missouri','Palestinian Territory','85550',141.27),(701,120,'2023-02-23 00:00:00','76244 Alyssa Camp Apt. 538','Lorimouth','Arkansas','Monaco','19870',92.19),(702,120,'2024-08-02 00:00:00','2224 Blevins Well','Wellsborough','Virginia','Niger','85728',127.72),(703,77,'2024-03-19 00:00:00','3073 Austin Trafficway','Pattonshire','New Hampshire','Colombia','35043',85.32),(704,145,'2021-04-04 00:00:00','589 Watts Ferry Apt. 341','Malonehaven','Nevada','Iraq','51806',67.34),(705,183,'2023-08-07 00:00:00','9198 Lopez Road','Walterview','Alaska','Timor-Leste','89219',47.68),(706,161,'2023-12-18 00:00:00','32718 Lopez Falls','New Troy','West Virginia','Moldova','45431',83.78),(707,195,'2022-02-16 00:00:00','2894 John Loaf Suite 643','Johnsonhaven','New York','Madagascar','63172',100.02),(708,114,'2023-01-26 00:00:00','161 Tara View','Dwaynetown','Delaware','Palau','12300',69.52),(709,122,'2021-06-19 00:00:00','182 Day Causeway Apt. 425','North Kimberly','Arkansas','Turkey','28232',26.97),(710,12,'2023-07-19 00:00:00','785 Tonya Corners','New Emilychester','Texas','Armenia','43632',96.19),(711,170,'2023-08-24 00:00:00','50992 Sanders Alley','Lake Mariaberg','Washington','San Marino','07157',144.85),(712,221,'2021-09-13 00:00:00','46967 Jessica Square Apt. 053','Linchester','Ohio','Venezuela','52969',68.91),(713,56,'2021-06-04 00:00:00','545 Williams Throughway Suite 867','Wallaceville','New Mexico','Albania','55252',121.79),(714,245,'2024-03-25 00:00:00','171 Jonathan Dam Suite 076','Clayborough','Michigan','Paraguay','86878',13.78),(715,104,'2023-10-05 00:00:00','5477 Williams Stravenue','Lake Cindy','New Jersey','Tunisia','27866',29.76),(716,51,'2023-01-21 00:00:00','3941 Shields Pike Suite 192','Fernandezmouth','New Jersey','Oman','29632',67.91),(717,137,'2021-02-02 00:00:00','849 Laura Cliff Apt. 594','Evansmouth','Alaska','French Guiana','00592',22.62),(718,241,'2024-06-02 00:00:00','62901 Christopher Flats Apt. 842','New Miranda','Idaho','Paraguay','33390',31.09),(720,58,'2021-08-17 00:00:00','573 Hendricks Springs','Lake John','Illinois','British Virgin Islands','70495',47.03),(721,82,'2022-07-14 00:00:00','12852 Alvarado Radial Suite 968','East Ronald','Hawaii','Netherlands','91070',28.80),(722,161,'2023-12-17 00:00:00','7306 Jean Row Apt. 551','North Leonardbury','Montana','France','61212',71.36),(723,68,'2022-10-26 00:00:00','812 Bruce Estates Suite 857','Edwardton','New Mexico','Bouvet Island (Bouvetoya)','77038',122.07),(724,67,'2022-04-25 00:00:00','1931 Christopher Cliff','Jenniferborough','South Carolina','Afghanistan','75425',13.05),(725,180,'2022-03-06 00:00:00','447 Megan Curve','East Dawnville','Maine','Syrian Arab Republic','99718',143.80),(726,148,'2023-01-10 00:00:00','81941 Johnson Green','West Richardmouth','Mississippi','Gabon','21405',17.01),(727,76,'2021-05-10 00:00:00','279 Erin Walk Suite 911','Kennedyberg','Maine','Portugal','77442',82.16),(728,189,'2021-07-03 00:00:00','9020 Sanchez Vista','Port Nicholas','Maine','Ghana','79330',61.52),(729,200,'2023-09-05 00:00:00','744 Barton Turnpike','Ryanmouth','Delaware','Jersey','83252',78.30),(730,242,'2022-04-11 00:00:00','0007 Christopher Mount Suite 435','Meyermouth','Mississippi','Saint Pierre and Miquelon','64032',70.76),(731,178,'2022-08-10 00:00:00','189 Carol Wells','Jonesstad','Nebraska','Gambia','79766',100.88),(732,150,'2022-11-20 00:00:00','24548 Salinas Fork Apt. 129','Kentberg','Rhode Island','Tanzania','03239',72.88),(733,8,'2022-04-17 00:00:00','69732 Schultz Court','Gonzalezville','Michigan','India','07003',61.84),(734,92,'2023-02-11 00:00:00','2767 Lindsay Drive','Elliottville','Florida','Yemen','36636',58.14),(735,218,'2022-02-17 00:00:00','566 Dana Cove Apt. 085','West Joseph','Hawaii','Iceland','09231',13.95),(736,72,'2024-09-13 00:00:00','9018 Victoria Cape Suite 356','Jaredborough','Massachusetts','Ethiopia','38337',110.31),(737,180,'2024-12-12 00:00:00','53850 Timothy Corners Suite 131','East Rachel','Missouri','Grenada','66149',78.74),(738,29,'2024-04-11 00:00:00','8003 Kyle Stravenue','Lopezberg','Alaska','Suriname','85288',99.30),(739,12,'2022-10-06 00:00:00','47925 Margaret Prairie Suite 818','Francesburgh','Michigan','Guatemala','12835',64.90),(740,195,'2022-11-13 00:00:00','382 Andrea Glen Apt. 237','Greenland','Pennsylvania','Saint Lucia','60476',141.69),(741,44,'2024-05-13 00:00:00','92047 Scott Orchard','Sampsonfort','New York','Guinea-Bissau','10652',111.96),(742,156,'2021-01-08 00:00:00','48985 Anthony Spurs','North Jenniferchester','Vermont','Romania','09962',96.29),(743,61,'2024-03-04 00:00:00','55706 Ramirez Prairie Suite 043','Guerreroland','Mississippi','Tanzania','02239',57.99),(744,213,'2024-06-04 00:00:00','1616 Crystal Parkways Apt. 313','South Jason','Indiana','Bahamas','57498',43.52),(745,91,'2023-03-01 00:00:00','38761 Barry Mission','New Julieberg','Arkansas','Ireland','90673',23.12),(746,88,'2023-10-15 00:00:00','0224 Hanson Village Apt. 993','East Heather','Georgia','Faroe Islands','85029',148.99),(747,67,'2023-05-14 00:00:00','1635 Powell Glen Apt. 533','Joannaborough','New Mexico','Uzbekistan','53549',131.15),(748,203,'2023-02-15 00:00:00','758 Ethan Trail Suite 342','East Lawrenceview','North Carolina','Canada','02336',130.32),(749,239,'2024-12-16 00:00:00','2227 Reid Vista','Lake Jeremyfort','Rhode Island','Holy See (Vatican City State)','92728',88.08),(751,207,'2023-08-10 00:00:00','02243 Joshua Estate','Calvinchester','North Carolina','Madagascar','85066',111.82),(752,18,'2022-11-16 00:00:00','654 Christina Circles','South Emilytown','Rhode Island','India','11153',120.15),(753,217,'2023-07-21 00:00:00','4851 Jason Valley Suite 558','North Crystalmouth','Florida','Venezuela','70919',93.15),(754,40,'2023-05-18 00:00:00','88174 Daniel Meadows','Martinchester','Nebraska','Honduras','39386',103.11),(755,221,'2022-05-08 00:00:00','13394 Jones Fort','Michaelhaven','New Jersey','Sri Lanka','06737',27.34),(756,159,'2023-11-19 00:00:00','792 Christopher Forest','Port Jessica','North Dakota','Uganda','93900',44.87),(757,61,'2021-08-26 00:00:00','908 Andrea Track Apt. 420','South George','North Carolina','Iceland','01246',37.36),(758,153,'2023-01-18 00:00:00','76041 Obrien Manor Apt. 655','Joshuahaven','North Carolina','New Zealand','70320',36.07),(759,171,'2021-10-30 00:00:00','0273 Abbott Forest','Davidfort','Arizona','Bahrain','94167',61.72),(760,102,'2023-09-27 00:00:00','937 Bradshaw Wells Apt. 534','Mosleyside','Minnesota','Netherlands','39956',27.47),(761,168,'2024-05-13 00:00:00','30916 Baird Lodge Suite 216','Choiburgh','Colorado','Tanzania','37069',31.12),(762,173,'2024-12-13 00:00:00','884 Rose Loop Suite 755','Amyberg','Tennessee','China','56041',12.79),(763,82,'2022-09-28 00:00:00','549 Smith Shoals Suite 600','Port Christopher','Arkansas','Cocos (Keeling) Islands','52416',132.17),(764,73,'2024-08-12 00:00:00','9222 Smith Row','Lauraberg','Delaware','Libyan Arab Jamahiriya','00662',58.25),(765,150,'2022-07-21 00:00:00','72810 Moore Roads Apt. 555','Phillipshaven','Indiana','Heard Island and McDonald Islands','27260',93.48),(766,154,'2021-03-07 00:00:00','7740 Alexander Isle Suite 309','Valdezstad','North Dakota','Canada','90689',136.73),(767,186,'2024-04-23 00:00:00','8488 Joseph Way','Dianemouth','North Dakota','Cocos (Keeling) Islands','98815',101.35),(768,181,'2021-08-18 00:00:00','62277 Rodriguez Mountains Apt. 927','New Michaelberg','Michigan','Aruba','14020',14.35),(769,18,'2024-05-21 00:00:00','2384 Daniel Club','South Evelynfort','New Mexico','Ethiopia','62967',109.50),(770,173,'2023-02-23 00:00:00','60189 Michael Club','East Mary','Connecticut','Haiti','85969',34.85),(771,99,'2023-05-03 00:00:00','921 Rangel Neck Apt. 315','Andersonburgh','Oregon','Mauritania','04016',120.65),(772,201,'2022-12-27 00:00:00','162 Joseph Village','Leeport','Nevada','Gabon','08615',145.70),(774,6,'2021-06-15 00:00:00','15379 Gutierrez Bridge','Port Lori','New Mexico','Latvia','86677',27.71),(775,180,'2022-03-21 00:00:00','4559 Tiffany Motorway Suite 369','New Josephfurt','Minnesota','Lesotho','30134',103.45),(776,12,'2021-10-29 00:00:00','887 Melissa Turnpike','Myerschester','New Hampshire','Peru','75287',57.48),(777,189,'2022-10-06 00:00:00','015 Chase Roads','New Michael','West Virginia','Mauritius','66673',91.75),(778,237,'2024-11-27 00:00:00','973 Kim Alley Suite 063','Jacobburgh','New Mexico','Mexico','42266',84.61),(779,146,'2021-11-19 00:00:00','0972 Shannon Circles Suite 260','Grossshire','Idaho','Palau','95136',69.80),(780,103,'2024-06-22 00:00:00','95831 Davis Ford','Allenborough','South Dakota','Bhutan','97275',8.81),(781,111,'2021-12-06 00:00:00','62626 Gaines Ridges Suite 204','North Amanda','Mississippi','Heard Island and McDonald Islands','14016',127.68),(782,90,'2021-10-21 00:00:00','21016 Chelsea Lakes','Figueroachester','California','Honduras','89517',100.95),(783,208,'2024-12-05 00:00:00','8834 Bryant Circles Apt. 979','East Adamton','North Dakota','Seychelles','17491',30.82),(784,198,'2024-02-09 00:00:00','28872 Mckenzie Village Apt. 460','Davisport','Hawaii','Dominican Republic','21862',88.40),(785,208,'2023-05-20 00:00:00','584 Henderson Valley','East April','Washington','Israel','72579',56.35),(786,29,'2023-05-13 00:00:00','6547 Scott Shore Suite 271','West Isaiah','Florida','Cape Verde','59192',95.60),(787,135,'2021-12-12 00:00:00','006 Michael Mountains','East Glenn','Illinois','French Guiana','77442',94.68),(788,188,'2022-08-18 00:00:00','522 Karen Extensions Suite 954','West Paul','Arizona','Palestinian Territory','26452',145.07),(789,130,'2021-06-07 00:00:00','5897 Thomas Isle','North Justin','South Dakota','Antigua and Barbuda','38179',146.54),(790,165,'2024-11-03 00:00:00','84924 Christopher Ranch','West John','California','Turks and Caicos Islands','19874',23.31),(791,134,'2024-04-24 00:00:00','1460 Lisa Mount','Deborahfort','California','Liberia','54431',68.06),(792,246,'2021-02-28 00:00:00','06671 Bennett Lane Suite 741','Jacksonbury','Idaho','Cape Verde','81964',10.63),(793,159,'2021-10-17 00:00:00','337 Robert Dam Apt. 267','New Ronald','Louisiana','Turks and Caicos Islands','98869',147.40),(794,185,'2024-05-07 00:00:00','005 Bell Drives','Javierborough','Illinois','Armenia','25730',135.42),(795,244,'2021-06-13 00:00:00','471 Lucero Glens Suite 798','Jordanstad','Arkansas','Kenya','62486',128.62),(796,22,'2023-05-16 00:00:00','5288 Robinson Port Apt. 207','Ramosview','Texas','Bangladesh','16203',88.17),(797,148,'2023-03-20 00:00:00','206 Patterson Circle Apt. 904','Flowersside','Louisiana','Central African Republic','64226',11.57),(798,219,'2022-06-18 00:00:00','56784 Oliver Inlet Apt. 114','Alyssaville','Mississippi','Rwanda','64782',76.76),(799,14,'2022-10-19 00:00:00','54525 Andrea Parks Suite 873','Port Williamchester','Missouri','Kazakhstan','22543',35.31),(800,184,'2022-04-29 00:00:00','341 Buck Springs','South Codyborough','Idaho','Serbia','25865',50.38),(801,84,'2023-11-22 00:00:00','6412 Guzman Junction','Taraville','Idaho','Greenland','13778',45.07),(802,235,'2021-07-01 00:00:00','54149 Smith Grove Suite 384','West Christopher','Washington','Netherlands Antilles','57839',65.40),(803,213,'2021-02-03 00:00:00','5748 Barrera Courts','West Michael','Texas','Bosnia and Herzegovina','16365',105.26),(804,1,'2024-12-03 00:00:00','1845 Michael Spur','Jenniferborough','North Dakota','Taiwan','08169',83.27),(805,67,'2022-05-10 00:00:00','02771 Tyler Loop','Amandaside','West Virginia','Netherlands','45295',46.47),(806,29,'2021-09-17 00:00:00','9744 Martinez Rue','Danielmouth','Wisconsin','Antigua and Barbuda','86584',65.11),(807,112,'2024-11-04 00:00:00','0280 Garcia Ferry','South Kristy','Indiana','Burundi','41659',16.17),(808,90,'2021-10-20 00:00:00','28728 Matthew Hills','Morganton','Hawaii','Chad','16934',23.35),(809,24,'2022-12-09 00:00:00','5036 James Route Suite 293','West Jaredshire','New York','Bermuda','72368',32.89),(810,243,'2021-02-23 00:00:00','809 Bell Crescent Suite 452','New Leslie','Utah','Congo','45481',97.92),(811,218,'2024-01-08 00:00:00','9564 Patricia Dale','Caldwellmouth','Idaho','Guinea','48271',135.48),(812,220,'2021-05-27 00:00:00','65078 Jennifer Hills Suite 117','Port Julie','Utah','Cape Verde','86971',99.38),(813,220,'2023-06-20 00:00:00','1129 Jamie Glen Suite 040','Garciamouth','Texas','Uruguay','36704',35.64),(814,178,'2024-11-07 00:00:00','68843 James Isle Suite 678','Salinasland','Arizona','Congo','40552',127.75),(815,150,'2022-07-21 00:00:00','586 Jasmine Path','Port Chelseatown','Alabama','Sweden','91027',129.16),(816,158,'2024-09-13 00:00:00','38475 Merritt Manor','Stacyborough','Washington','Western Sahara','90300',107.64),(817,49,'2021-01-08 00:00:00','456 Henry Mills Suite 826','Robertland','Wisconsin','Cape Verde','66363',104.87),(818,206,'2021-12-12 00:00:00','908 Angela Ridge','Martinburgh','North Carolina','Bahamas','37676',39.10),(819,183,'2023-10-01 00:00:00','3010 Alexander Brooks','East Shawnview','Kentucky','Gibraltar','03803',23.29),(820,12,'2023-11-07 00:00:00','514 Lee Locks','Lake Lacey','Oregon','Northern Mariana Islands','58176',54.43),(821,153,'2021-01-17 00:00:00','24960 Watson Stream','Perrymouth','Alaska','Timor-Leste','88238',78.20),(822,22,'2023-06-30 00:00:00','9712 Desiree Branch Suite 631','Watsonfort','South Dakota','Cuba','29732',110.71),(823,52,'2024-11-30 00:00:00','2958 Hayes Fords Suite 970','Gutierrezborough','Colorado','Sao Tome and Principe','46885',48.59),(824,221,'2022-04-21 00:00:00','716 Jerry Vista','East Samanthafort','Massachusetts','Albania','22410',91.10),(825,207,'2024-12-03 00:00:00','9824 Williams Knolls Apt. 481','Port Tiffanytown','Mississippi','Saint Kitts and Nevis','49481',93.05),(826,102,'2021-10-14 00:00:00','8655 Reilly Rest Apt. 321','Patriciaport','West Virginia','French Polynesia','59984',86.30),(827,113,'2023-07-26 00:00:00','509 Matthew Crossroad Suite 073','South Keithmouth','Delaware','Puerto Rico','37605',50.86),(828,247,'2023-01-16 00:00:00','0421 Eddie Mission','Sarahmouth','Maine','Norway','81481',8.91),(829,218,'2022-10-01 00:00:00','99555 Alexander Plaza','Beckview','New Hampshire','Saint Kitts and Nevis','83194',125.28),(830,223,'2021-08-31 00:00:00','1170 Harrison Stravenue','Lake Racheltown','Vermont','Dominica','04261',11.85),(831,36,'2024-12-08 00:00:00','10552 Hawkins Crest','Saraville','Illinois','Kazakhstan','09399',132.37),(832,74,'2023-04-02 00:00:00','7395 Garrison Cliff Suite 883','New William','Virginia','Mozambique','63757',18.77),(833,4,'2023-03-24 00:00:00','037 Bell Ridge','New Davidstad','Kentucky','Afghanistan','60046',116.38),(834,131,'2022-02-13 00:00:00','09277 John Cliffs','Port Sarahfort','Ohio','Norway','53681',48.59),(835,156,'2021-11-13 00:00:00','02889 Ronald Stream Suite 918','Port Johnnyville','Nebraska','Bouvet Island (Bouvetoya)','01893',138.78),(836,37,'2021-11-12 00:00:00','27251 John Road','East Brandyview','Texas','Belarus','38461',92.65),(837,39,'2024-09-28 00:00:00','214 Davis Crossroad','Arnoldview','Nevada','New Zealand','87627',100.13),(838,36,'2021-12-28 00:00:00','2008 Anna Crossing','Jonesberg','Mississippi','San Marino','74295',51.84),(839,165,'2021-05-13 00:00:00','657 Timothy Summit Suite 269','South Tarafurt','Maryland','Guatemala','77117',45.02),(840,122,'2021-11-14 00:00:00','63745 Steven Motorway Apt. 171','Annettehaven','Michigan','Korea','05307',93.42),(841,43,'2024-05-06 00:00:00','354 Higgins Path Suite 254','Feliciamouth','Kentucky','Botswana','93080',85.36),(842,176,'2022-10-11 00:00:00','2649 Smith Harbor Suite 368','Shannonburgh','South Carolina','Spain','97305',87.52),(843,25,'2024-12-11 00:00:00','791 Haynes Hollow','New Devon','South Carolina','Singapore','80128',21.22),(844,32,'2021-11-10 00:00:00','7212 Wilson Lane Suite 694','New Travisville','Arkansas','Luxembourg','05420',81.00),(845,187,'2021-02-05 00:00:00','39327 Misty Plaza','South Kelseyborough','Illinois','Bulgaria','52938',145.86),(846,132,'2022-03-03 00:00:00','66972 Carroll Glen','Scottmouth','South Carolina','Israel','53551',149.18),(847,83,'2021-06-01 00:00:00','01512 Cory Inlet Apt. 156','Adkinsmouth','Oregon','Mongolia','84707',68.41),(848,110,'2021-11-17 00:00:00','18922 Walker Views','Kimberlyfurt','Ohio','Central African Republic','84528',100.33),(849,36,'2021-09-23 00:00:00','45778 Adrienne Road Apt. 458','Cabreraland','Nevada','Myanmar','58824',118.69),(850,217,'2022-05-26 00:00:00','0297 Justin Walks','Carolstad','Missouri','Mozambique','62245',32.64),(851,205,'2023-03-10 00:00:00','8613 Ruth Shores Suite 077','Ashleytown','Maine','British Virgin Islands','45570',32.85),(852,131,'2022-09-29 00:00:00','6038 Veronica Union Apt. 218','Nicoleborough','Wisconsin','Honduras','23407',135.33),(853,208,'2022-09-14 00:00:00','4010 Castaneda Loaf Suite 749','Christinemouth','Georgia','Belgium','63022',82.82),(854,163,'2023-06-23 00:00:00','713 Kristen Mountains Suite 650','Hayestown','Indiana','Bermuda','47795',140.73),(855,22,'2023-08-04 00:00:00','8946 Martin Estate','Haydenmouth','Minnesota','Cook Islands','99585',6.80),(856,113,'2023-08-16 00:00:00','2573 Michael Hills Apt. 596','South Ryan','Oregon','Iceland','02687',148.13),(858,82,'2021-12-11 00:00:00','80761 Lindsey Station Suite 098','Davidton','California','Colombia','12629',132.00),(859,176,'2021-02-09 00:00:00','71301 Kimberly Knolls Apt. 685','Amychester','Washington','Norway','11925',140.82),(860,74,'2021-09-03 00:00:00','2343 Karen Street','Port Jasmin','Missouri','Brunei Darussalam','84956',6.31),(861,239,'2024-10-07 00:00:00','6893 Christopher Ways Suite 177','New Paulafort','Mississippi','Djibouti','63807',124.26),(862,223,'2024-04-07 00:00:00','3029 Mills Crossing','Williamston','New Mexico','Paraguay','62476',32.81),(863,135,'2024-04-19 00:00:00','9596 Ayers Flats','Lake Jenniferbury','Wyoming','Bangladesh','02185',145.12),(864,194,'2022-09-22 00:00:00','38562 Cardenas Stravenue','Larsenside','Colorado','Turkey','68759',115.65),(865,36,'2023-07-02 00:00:00','67674 Rich Forest','Williamview','Pennsylvania','Cocos (Keeling) Islands','37302',96.27),(866,170,'2024-09-21 00:00:00','723 Powell Ferry Apt. 332','Lake Jennifer','Kentucky','Lesotho','60026',64.79),(867,146,'2022-11-21 00:00:00','89480 Amy Mall Suite 136','West Johnville','Pennsylvania','Saint Pierre and Miquelon','16636',23.29),(868,185,'2021-11-25 00:00:00','4071 Kimberly Haven Suite 718','Michaelborough','Missouri','Cocos (Keeling) Islands','65708',134.04),(869,200,'2024-04-09 00:00:00','236 Lisa Forest','Jennifermouth','Massachusetts','Iran','08886',124.23),(870,126,'2021-06-10 00:00:00','896 Hamilton Lock Apt. 150','South Anne','Maryland','Trinidad and Tobago','58384',9.79),(871,211,'2024-04-07 00:00:00','18081 Theresa Loop','Erikafurt','Mississippi','Kyrgyz Republic','83961',62.85),(872,135,'2024-11-27 00:00:00','9867 Ramirez Forges','Richardschester','Virginia','Palestinian Territory','54530',32.97),(873,72,'2021-03-11 00:00:00','57575 Patterson Island Apt. 808','Jeanetteview','Rhode Island','Burkina Faso','56255',107.33),(874,110,'2022-05-01 00:00:00','82742 Holloway Unions','West Barbaraville','Texas','British Virgin Islands','64821',19.04),(875,176,'2024-02-10 00:00:00','71967 Scott Common Apt. 296','Patriciafurt','Maine','Uruguay','39384',26.55),(876,145,'2021-05-24 00:00:00','20602 Edward Via','South April','Minnesota','Honduras','91664',79.40),(877,154,'2023-11-18 00:00:00','441 Gregory Village','North Adamburgh','Delaware','Gibraltar','71965',22.19),(878,94,'2021-06-11 00:00:00','5120 Joshua Wells Apt. 413','North Frankton','Texas','Jersey','42605',134.93),(879,132,'2022-09-04 00:00:00','856 Edward Road','South Michaelstad','Indiana','Oman','34887',60.93),(880,201,'2022-08-28 00:00:00','77777 Dillon Shoal Apt. 927','Johnsonfort','Illinois','Jordan','26033',77.19),(881,221,'2023-06-23 00:00:00','47220 Kimberly Orchard Suite 401','Port Brandy','Rhode Island','Kiribati','35012',54.18),(882,29,'2023-04-10 00:00:00','367 Alexis Square Suite 756','East Anthony','South Dakota','Barbados','67930',120.61),(883,126,'2022-05-31 00:00:00','33552 Henry Mountains Apt. 126','Kirkhaven','Oklahoma','Jordan','79162',61.84),(884,47,'2022-10-02 00:00:00','078 Gibson Road Apt. 752','Wilsonbury','Minnesota','Hungary','27110',61.00),(885,196,'2022-06-10 00:00:00','11321 John Greens Suite 664','New Kelly','Indiana','Lithuania','82856',17.32),(886,35,'2024-05-24 00:00:00','3627 Linda Dam','West Rickytown','Missouri','Australia','04646',40.68),(887,43,'2022-04-24 00:00:00','9253 Davila Fields','West Michael','New Jersey','Samoa','92748',138.08),(888,167,'2024-07-18 00:00:00','719 Robin Mountains Apt. 506','South Phyllistown','Montana','Isle of Man','57598',85.13),(889,230,'2023-09-22 00:00:00','1459 Jimmy Mountain','Burtonchester','Michigan','French Guiana','48286',73.68),(890,149,'2024-12-14 00:00:00','657 Jordan Hills Suite 523','Lake Lisafurt','Rhode Island','Iceland','23691',17.74),(891,11,'2021-10-23 00:00:00','3254 Claire Valley','East Gavinton','Delaware','Kazakhstan','89783',74.45),(892,117,'2021-09-11 00:00:00','12008 Sharon Shoals','Hernandezport','Missouri','Saint Kitts and Nevis','35204',105.63),(893,98,'2021-01-18 00:00:00','96306 Adam Landing','Petersonfort','Wisconsin','Switzerland','15398',6.01),(894,154,'2022-07-25 00:00:00','64132 Padilla View','North Lauren','Maryland','Paraguay','65435',9.33),(895,246,'2022-01-09 00:00:00','504 Phillip Meadow','Lake Cassandraborough','New Hampshire','Estonia','92740',149.75),(896,35,'2021-03-06 00:00:00','03453 Lowe Orchard','Briannaview','Nevada','Australia','87864',128.99),(897,67,'2022-05-27 00:00:00','27563 Travis Manor Suite 251','North Helen','Kentucky','Israel','42573',24.75),(898,141,'2023-06-15 00:00:00','33012 Harris Rapids Apt. 594','Marytown','Georgia','Guatemala','96512',107.72),(899,133,'2021-06-05 00:00:00','1106 Palmer Island Apt. 903','Wheelertown','Kentucky','Ukraine','86065',140.45),(900,53,'2024-10-19 00:00:00','4847 Sean Ridges Apt. 823','Laurenborough','Michigan','Turks and Caicos Islands','87149',106.09),(901,14,'2021-11-08 00:00:00','52182 Tucker Vista','South Jessica','Colorado','Costa Rica','90515',79.34),(902,82,'2021-02-05 00:00:00','57196 Thomas Burg','West Gregory','Minnesota','Malawi','87020',24.81),(903,125,'2023-11-29 00:00:00','588 Christine Field Suite 929','Angelaport','Iowa','Norfolk Island','64647',72.72),(904,206,'2021-06-14 00:00:00','189 Medina Canyon','North Paulview','Montana','Kazakhstan','88518',81.63),(905,75,'2021-10-17 00:00:00','97739 William Glens','Perezfurt','Maine','Wallis and Futuna','06469',30.70),(906,77,'2022-04-12 00:00:00','4502 Boone Parks Suite 723','Bauerside','Hawaii','Vanuatu','80930',146.14),(907,133,'2024-05-08 00:00:00','08974 Horn Mountain','Port Jessica','Louisiana','Hong Kong','48423',95.45),(908,180,'2024-11-24 00:00:00','8771 Joshua Isle Apt. 649','Stephanieton','Georgia','Ethiopia','19968',105.81),(909,229,'2022-07-06 00:00:00','9069 West Villages','South Kayla','Idaho','Romania','64636',64.46),(910,151,'2023-09-03 00:00:00','423 Catherine Court Suite 009','Lake Gregory','North Carolina','Bouvet Island (Bouvetoya)','36817',146.18),(911,17,'2023-11-16 00:00:00','87513 Morris Isle Suite 342','North Daltonmouth','Washington','Mexico','92991',71.60),(912,191,'2022-02-04 00:00:00','729 Shaffer Locks Apt. 890','West Melanie','Maine','Guinea-Bissau','99572',96.03),(913,231,'2022-05-22 00:00:00','77437 Jeffrey Tunnel','Acevedotown','Delaware','Cocos (Keeling) Islands','59260',111.79),(914,143,'2022-07-03 00:00:00','153 Kathleen Passage','Mackview','South Carolina','Falkland Islands (Malvinas)','36335',56.13),(915,88,'2024-11-04 00:00:00','06005 Kathy Forest','North Robertborough','New Hampshire','Kuwait','73211',68.54),(916,187,'2021-05-10 00:00:00','742 Orr Squares','Brianland','Mississippi','Zambia','88957',24.50),(917,111,'2024-11-12 00:00:00','37233 Dominique Mall Suite 567','Barberberg','Ohio','Greece','04063',43.50),(918,108,'2021-08-31 00:00:00','4112 Myers Ville','Lake Rachel','Louisiana','Svalbard & Jan Mayen Islands','55971',5.85),(919,188,'2022-01-02 00:00:00','748 Thompson Lock Apt. 926','Rebeccabury','Oregon','Latvia','80191',140.72),(920,220,'2022-09-15 00:00:00','552 Nelson Brooks','Nicholeview','Vermont','Cambodia','83092',70.89),(921,205,'2023-05-20 00:00:00','2101 Clark Lock','South Ericside','Arkansas','Niger','61536',95.84),(922,52,'2023-12-10 00:00:00','1088 Miller Ways','South Andrew','California','Sierra Leone','90528',25.54),(923,77,'2024-09-10 00:00:00','9943 John Throughway','Hernandezton','Virginia','Costa Rica','02810',60.97),(924,54,'2024-06-08 00:00:00','8707 West Lane Apt. 577','South Aprilhaven','Alaska','Bolivia','47455',102.47),(925,149,'2023-08-04 00:00:00','245 Cody Road','Port Nathaniel','Hawaii','Hong Kong','73661',8.29),(926,8,'2022-05-10 00:00:00','65864 Cynthia Islands','Johnton','Pennsylvania','Namibia','07748',122.06),(927,89,'2021-11-29 00:00:00','502 Keith Stream','Murrayborough','Delaware','Tajikistan','67867',131.61),(928,3,'2023-04-11 00:00:00','9937 Jacobs Parks','Melissaberg','Oregon','Greece','79265',7.52),(929,221,'2023-02-27 00:00:00','699 Shelton Station','Jenniferburgh','Alaska','Vietnam','11642',116.98),(930,133,'2022-08-31 00:00:00','564 Allen Crossing','Longshire','Minnesota','Haiti','67443',100.16),(931,118,'2021-08-09 00:00:00','900 Edwin Road','Martinmouth','New Mexico','Montenegro','30511',89.39),(932,118,'2024-05-19 00:00:00','91526 Joshua Union','New Jennifer','West Virginia','Iran','31668',132.64),(933,239,'2022-12-21 00:00:00','412 Jessica Coves','Lake Markborough','Hawaii','Bulgaria','77410',76.21),(934,87,'2021-05-08 00:00:00','1037 Jamie Parkway Suite 521','Matthewfurt','Oklahoma','Cote d\'Ivoire','50570',32.35),(935,67,'2021-03-24 00:00:00','581 Angela Lake Suite 881','New Anthonyland','South Carolina','Gibraltar','86619',113.88),(937,70,'2023-03-04 00:00:00','4919 Hannah Coves Suite 899','South Marilyn','Nevada','Albania','46046',33.34),(938,100,'2023-05-10 00:00:00','43960 James Prairie Apt. 767','Vanessaport','Ohio','Saint Helena','21499',71.73),(939,11,'2023-02-14 00:00:00','910 Lara Isle Apt. 893','Campbellburgh','Tennessee','Svalbard & Jan Mayen Islands','35900',20.15),(940,58,'2024-07-20 00:00:00','31609 Ashley Knoll Apt. 699','New Robert','North Dakota','Isle of Man','79970',5.52),(941,53,'2024-10-16 00:00:00','7598 Bryan Creek','Port Daniel','North Carolina','Qatar','75168',146.85),(942,80,'2024-09-25 00:00:00','83756 Richard Crossing','Nicholeville','Connecticut','Isle of Man','52980',29.69),(943,16,'2023-08-03 00:00:00','68304 Alvarez Canyon Suite 884','Denisefort','Maine','Italy','63868',75.05),(944,225,'2022-07-19 00:00:00','8363 Dorothy Hollow','Bradleyview','Kansas','Madagascar','00585',73.97),(945,61,'2024-07-04 00:00:00','585 Wilson River','Port Stephanieshire','Louisiana','Sierra Leone','36938',51.57),(946,150,'2023-04-18 00:00:00','620 Alison Club','Lake Bobby','Arizona','Mauritania','42634',43.24),(947,74,'2024-08-16 00:00:00','3074 Richard Tunnel','South Victoriafort','Rhode Island','Barbados','17358',58.47),(948,139,'2022-12-09 00:00:00','0595 George Pike','Port Linda','Delaware','Namibia','51031',24.72),(949,98,'2021-10-18 00:00:00','638 Tamara Road','Serranoborough','Nebraska','Vietnam','13197',49.53),(950,91,'2021-02-17 00:00:00','54086 Montgomery Rest','Wilsonberg','Minnesota','Grenada','74604',35.31),(951,76,'2024-05-15 00:00:00','52010 Gregory Crossroad Apt. 643','Sarahhaven','Kansas','Botswana','23836',103.10),(952,205,'2023-01-02 00:00:00','85482 Michael Alley Suite 594','East Andrew','Montana','Luxembourg','20948',109.15),(953,103,'2023-02-18 00:00:00','9364 Caldwell Road','Williamsville','Alaska','Congo','55745',67.76),(954,185,'2021-07-26 00:00:00','82803 Ashley Passage','Blankenshipton','New Jersey','Malta','77527',76.53),(956,189,'2023-02-15 00:00:00','90058 Amber Crest Apt. 343','Port Thomas','Kansas','Swaziland','26192',122.10),(957,18,'2024-04-04 00:00:00','74615 Morton Island Apt. 022','Garciamouth','Nevada','Mongolia','98178',49.94),(958,194,'2022-09-16 00:00:00','103 Jones Rest','West Teresa','Louisiana','Gabon','11733',47.82),(959,204,'2021-10-18 00:00:00','0300 Butler Walk','South Angela','North Carolina','Saudi Arabia','43624',69.35),(960,194,'2024-08-16 00:00:00','33708 Aaron Common','Jeremyborough','Utah','Kyrgyz Republic','98350',24.72),(961,167,'2022-11-20 00:00:00','08097 Charles Coves','Lake Jessemouth','Florida','Malta','05901',130.23),(962,107,'2022-01-15 00:00:00','40411 Martin Harbors Suite 048','Mooreside','Pennsylvania','Papua New Guinea','24398',36.71),(963,103,'2021-02-26 00:00:00','4027 Whitney Throughway','West Kimberly','California','Sweden','28760',28.94),(964,61,'2022-06-03 00:00:00','73172 Jessica Dam','Louisberg','Delaware','Czech Republic','91105',110.21),(965,156,'2023-02-08 00:00:00','516 Johnson Dam','Weaverstad','West Virginia','Mali','88334',49.91),(966,184,'2021-12-25 00:00:00','69765 Cathy Wall Suite 964','Luismouth','Michigan','Barbados','27635',93.25),(967,154,'2021-12-05 00:00:00','7500 Morris Way Suite 761','Mistyport','Georgia','Turks and Caicos Islands','78283',68.34),(968,249,'2022-07-13 00:00:00','43380 Silva Locks Apt. 297','Andrestad','Wisconsin','Slovenia','37941',47.04),(969,96,'2021-12-25 00:00:00','78038 Taylor Manor','New Jennifermouth','Rhode Island','Yemen','37013',110.52),(970,193,'2023-09-13 00:00:00','8908 Kimberly Route Apt. 775','East Nina','West Virginia','Norway','82377',11.34),(971,250,'2022-07-15 00:00:00','0135 Hunter Fords Apt. 805','Nathantown','Georgia','Saint Lucia','56760',59.25),(972,126,'2023-11-04 00:00:00','45832 Christine Gateway Suite 852','Robynport','New York','Vanuatu','54859',90.68),(973,145,'2024-07-05 00:00:00','249 Gibbs Burg Suite 855','Jeremymouth','Connecticut','Turkmenistan','09492',138.17),(974,46,'2022-08-22 00:00:00','2310 James Light','Fitzgeraldfort','California','Trinidad and Tobago','76651',102.82),(975,67,'2021-02-26 00:00:00','034 Kathryn Shore Apt. 528','Johnsonbury','Missouri','Guam','42803',123.03),(976,223,'2022-06-01 00:00:00','08818 Kramer Causeway Apt. 806','Espinozamouth','Nebraska','Mongolia','50271',54.43),(977,131,'2023-03-28 00:00:00','94684 Gardner Ranch Apt. 517','Port Julie','Tennessee','Indonesia','13801',99.73),(978,229,'2022-10-13 00:00:00','63957 Gomez Ridges','Holmeshaven','Montana','Equatorial Guinea','57940',63.42),(979,121,'2023-11-08 00:00:00','391 Jennifer Dale Apt. 615','North James','Georgia','Malawi','79357',66.73),(980,227,'2022-10-15 00:00:00','7813 Michael Street','Elliotthaven','Wyoming','Lesotho','92603',42.24),(981,238,'2023-06-20 00:00:00','220 Samantha Locks Suite 714','North Tonishire','California','Tokelau','33741',83.57),(982,132,'2023-05-11 00:00:00','44405 Sean Prairie','Traceyberg','North Dakota','Mayotte','47476',135.02),(983,246,'2022-09-24 00:00:00','46482 Micheal Pine','East Raymondville','Mississippi','Samoa','27700',136.79),(984,52,'2023-12-06 00:00:00','6725 Davis Turnpike','Victormouth','Nebraska','Costa Rica','35584',85.47),(985,23,'2024-07-06 00:00:00','2113 William View Suite 611','South Douglasbury','New Mexico','Hungary','38917',105.27),(986,55,'2022-08-27 00:00:00','8395 David Wall Apt. 552','Michaeltown','Massachusetts','Haiti','27093',134.78),(987,74,'2023-05-17 00:00:00','21167 Adrian Canyon','East Kendra','Tennessee','Angola','13960',40.60),(989,146,'2023-08-20 00:00:00','754 Frederick Mill Suite 666','Prattborough','Minnesota','Bhutan','31763',43.09),(990,116,'2023-09-04 00:00:00','813 Harris Mill','West Joshua','Connecticut','Tonga','29614',110.55),(991,182,'2023-10-11 00:00:00','21966 Keith Branch Suite 568','Maldonadoview','Nevada','Oman','35293',11.28),(992,169,'2024-12-30 00:00:00','23805 Nguyen Views','New Aaron','North Dakota','Turkey','56591',138.07),(993,13,'2024-04-06 00:00:00','7569 Larry Centers','Cooperfort','Arizona','New Caledonia','13320',95.07),(994,56,'2024-04-17 00:00:00','453 Singh Knolls','Robertsmouth','Texas','Aruba','41603',45.80),(995,100,'2023-10-12 00:00:00','9974 Crystal Valleys','Lake Hollyfurt','Ohio','Jordan','21596',108.44),(996,213,'2024-05-06 00:00:00','20771 Sanchez Union Apt. 024','Lake Brandonview','California','American Samoa','29282',17.23),(997,14,'2021-05-09 00:00:00','650 Smith Islands','Moseshaven','Louisiana','Israel','39442',148.44),(998,64,'2022-01-21 00:00:00','4069 Davidson Underpass','Castillobury','Arizona','Samoa','38153',102.12),(999,139,'2023-08-06 00:00:00','99081 Melvin Key Apt. 087','Coreyshire','Kentucky','Sweden','77943',71.12),(1000,225,'2022-05-30 00:00:00','9286 Johnson Drives Suite 394','North Douglasshire','Missouri','Fiji','15487',115.56);
/*!40000 ALTER TABLE `invoice` ENABLE KEYS */;
UNLOCK TABLES;

--
-- Table structure for table `invoiceline`
--

DROP TABLE IF EXISTS `invoiceline`;
/*!40101 SET @saved_cs_client     = @@character_set_client */;
/*!50503 SET character_set_client = utf8mb4 */;
CREATE TABLE `invoiceline` (
  `InvoiceLineId` int NOT NULL,
  `InvoiceId` int DEFAULT NULL,
  `TrackId` int DEFAULT NULL,
  `UnitPrice` decimal(10,2) NOT NULL,
  `Quantity` int NOT NULL,
  PRIMARY KEY (`InvoiceLineId`),
  KEY `InvoiceId` (`InvoiceId`),
  KEY `TrackId` (`TrackId`),
  CONSTRAINT `invoiceline_ibfk_1` FOREIGN KEY (`InvoiceId`) REFERENCES `invoice` (`InvoiceId`),
  CONSTRAINT `invoiceline_ibfk_2` FOREIGN KEY (`TrackId`) REFERENCES `track` (`TrackId`)
) ENGINE=InnoDB DEFAULT CHARSET=utf8mb4 COLLATE=utf8mb4_0900_ai_ci;
/*!40101 SET character_set_client = @saved_cs_client */;

--
-- Dumping data for table `invoiceline`
--

LOCK TABLES `invoiceline` WRITE;
/*!40000 ALTER TABLE `invoiceline` DISABLE KEYS */;
INSERT INTO `invoiceline` VALUES (2,828,67,1.95,3),(3,683,20,1.19,5),(4,707,2,0.89,3),(5,253,26,1.71,5),(6,333,9,1.33,5),(7,83,12,1.42,5),(8,626,5,1.75,2),(9,980,93,1.85,2),(10,856,14,1.40,2),(11,614,97,1.30,5),(12,851,18,0.97,3),(13,94,41,0.82,2),(14,855,31,0.71,1),(15,819,36,1.70,3),(16,264,76,0.76,2),(17,338,56,0.78,2),(18,6,66,1.64,3),(20,279,32,1.93,3),(21,530,74,1.29,4),(22,643,8,1.07,4),(23,37,87,1.85,3),(24,105,48,0.77,5),(25,421,14,1.62,5),(26,215,51,1.68,5),(27,343,6,1.91,2),(28,290,56,1.12,3),(29,678,12,1.18,3),(30,217,50,1.79,2),(31,892,43,1.73,5),(32,1,39,0.94,3),(33,957,81,0.96,4),(34,603,81,1.76,2),(35,222,90,1.98,3),(36,940,22,0.91,3),(37,159,22,1.00,4),(38,274,57,0.98,2),(39,80,84,1.20,2),(40,822,49,1.93,4),(41,93,70,1.43,4),(42,562,98,1.56,2),(43,740,32,1.53,2),(44,330,87,1.63,1),(45,590,19,1.36,5),(46,637,83,1.57,5),(47,597,36,1.71,3),(48,762,27,1.19,3),(49,426,66,0.82,3),(50,723,88,1.31,1),(51,173,68,0.89,2),(52,161,54,1.98,3),(53,400,78,1.99,2),(54,506,30,1.08,5),(55,416,64,0.74,4),(56,321,16,1.43,5),(57,807,51,1.33,4),(58,352,37,1.41,5),(59,533,29,1.39,5),(60,237,1,0.84,2),(61,160,60,0.79,3),(62,509,29,0.76,3),(63,143,83,0.88,5),(64,605,28,0.72,5),(65,94,68,1.63,5),(66,845,71,1.16,2),(67,793,42,1.84,1),(68,649,15,1.05,5),(69,302,89,0.95,4),(70,266,79,0.94,4),(71,661,34,1.65,2),(72,150,95,1.42,4),(73,603,48,1.00,1),(74,968,53,0.91,5),(75,631,6,1.00,5),(76,954,91,1.71,5),(77,315,7,1.14,2),(78,116,97,1.04,1),(79,620,85,1.82,1),(80,270,56,0.77,5),(81,440,47,1.66,5),(82,948,39,0.88,1),(83,854,59,1.13,5),(84,844,2,1.13,1),(85,881,61,1.54,2),(86,608,22,1.40,2),(87,985,31,1.92,3),(88,197,54,1.10,2),(89,919,20,1.06,2),(90,578,11,0.93,2),(91,883,30,1.93,2),(92,837,11,0.93,1),(93,675,89,1.32,4),(94,290,92,1.13,1),(95,741,85,0.80,4),(96,929,41,1.81,5),(97,740,5,1.28,1),(98,657,87,1.59,2),(99,653,99,1.00,4),(100,177,57,1.61,2),(101,428,23,0.75,3),(102,30,15,1.87,3),(103,130,44,1.33,3),(104,310,74,1.83,3),(105,435,94,0.75,1),(106,980,98,1.18,4),(107,562,58,1.98,2),(108,18,36,1.08,3),(109,241,46,1.43,3),(110,763,9,1.09,5),(111,776,48,0.74,1),(112,960,65,1.04,1),(113,509,26,1.44,3),(114,889,3,1.83,5),(115,30,87,1.58,2),(116,670,94,1.18,2),(117,1000,83,1.60,5),(118,515,96,1.96,5),(119,226,98,1.16,2),(120,353,53,1.80,3),(121,78,53,0.88,4),(122,100,10,0.83,2),(123,94,16,1.70,4),(124,462,6,1.40,1),(126,144,30,1.00,2),(127,288,52,1.75,1),(128,299,73,1.74,2),(129,858,64,0.71,4),(130,903,70,1.56,4),(131,663,8,1.50,2),(132,308,2,1.05,3),(133,377,30,0.95,2),(134,518,6,1.51,4),(135,923,17,1.40,4),(136,288,36,0.69,4),(137,516,18,1.59,5),(138,450,11,0.88,5),(139,635,61,1.28,4),(140,183,55,0.84,2),(141,550,38,0.74,3),(142,169,11,0.96,4),(143,516,35,1.63,4),(144,783,29,1.07,1),(145,783,53,1.59,5),(146,521,11,0.84,2),(147,306,30,1.59,5),(148,768,78,1.30,3),(149,141,12,1.01,3),(150,261,99,1.42,4),(151,567,33,1.60,3),(152,731,54,0.70,3),(153,106,1,1.95,3),(154,615,68,1.57,3),(156,157,46,0.99,3),(157,856,35,1.57,1),(158,234,98,0.72,3),(159,276,61,1.93,3),(160,631,50,0.87,2),(161,273,91,0.83,1),(162,810,46,1.58,3),(163,478,58,1.22,3),(164,124,96,1.75,3),(165,1,99,1.72,1),(166,351,23,1.43,3),(167,526,60,0.81,2),(168,554,4,1.76,4),(169,874,47,1.89,3),(170,741,10,1.81,4),(171,275,14,1.35,3),(172,448,99,1.96,1),(173,353,92,1.44,3),(174,713,7,1.40,1),(175,643,29,0.99,1),(176,419,23,0.76,2),(177,438,17,1.64,2),(178,504,29,1.76,3),(179,632,3,1.68,4),(180,244,59,1.15,5),(181,741,33,0.75,3),(182,609,91,1.65,3),(183,912,67,1.77,4),(184,307,3,0.82,4),(185,697,24,0.99,2),(186,267,69,1.09,2),(187,640,63,1.50,3),(188,438,46,1.19,2),(189,469,30,1.73,3),(190,284,78,1.76,2),(191,152,38,0.69,5),(192,280,29,0.86,3),(193,489,56,1.86,5),(194,904,74,0.84,4),(195,297,52,1.29,1),(196,732,89,1.56,2),(197,414,28,1.21,5),(198,210,31,1.50,2),(199,339,94,1.23,2),(200,943,97,1.59,4),(201,714,15,1.65,1),(202,793,97,1.68,5),(203,6,45,0.80,4),(204,539,18,1.01,4),(205,243,97,1.52,2),(206,880,25,1.55,5),(207,451,20,1.00,4),(208,377,15,1.64,5),(209,919,76,1.88,1),(210,457,29,0.77,2),(211,648,59,1.46,3),(212,872,61,1.73,5),(213,255,49,1.88,1),(214,325,40,0.83,3),(215,985,36,0.98,5),(216,51,64,1.21,5),(217,966,79,1.93,5),(218,611,35,1.56,5),(219,726,30,1.19,4),(220,359,40,0.99,5),(221,491,21,1.39,1),(222,822,15,1.80,2),(223,23,65,1.50,1),(224,259,79,1.93,5),(225,221,20,1.90,5),(226,736,56,1.18,3),(227,730,85,1.84,2),(228,615,47,0.81,3),(229,910,10,1.02,4),(230,503,2,0.93,3),(231,580,38,1.31,5),(232,972,1,1.61,5),(233,948,51,1.50,3),(234,602,48,1.59,4),(235,895,57,1.27,1),(237,879,69,1.23,4),(238,737,31,1.59,3),(239,830,71,1.82,3),(240,770,31,1.34,1),(241,310,26,1.58,5),(242,246,96,1.43,4),(243,556,31,1.62,5),(244,689,85,1.51,1),(245,665,63,1.34,1),(246,990,53,0.96,3),(247,86,50,1.77,5),(248,175,36,1.93,1),(249,114,29,1.35,1),(250,503,71,1.11,4),(251,906,3,1.28,4),(252,998,50,1.05,2),(253,264,53,1.77,2),(254,404,25,1.95,3),(255,790,43,0.77,1),(256,253,47,1.86,3),(257,44,72,1.86,3),(258,194,79,0.76,1),(259,519,77,0.85,4),(260,91,45,1.17,4),(261,40,62,1.09,1),(262,215,29,1.66,3),(263,478,90,1.62,2),(264,652,78,0.98,2),(265,800,13,1.74,3),(266,493,54,0.88,3),(267,318,79,1.26,3),(268,699,96,1.97,2),(269,22,7,1.27,2),(270,628,40,1.82,3),(271,220,59,1.25,5),(273,196,15,1.96,5),(274,462,53,0.97,3),(275,885,62,1.41,1),(276,473,38,1.46,3),(277,831,98,1.66,1),(278,791,46,1.74,1),(279,295,76,0.73,4),(280,168,8,1.55,2),(281,662,8,1.52,2),(282,359,26,0.80,1),(283,734,28,1.70,5),(284,652,34,1.77,4),(285,33,26,0.72,2),(286,149,38,1.33,2),(287,911,36,1.48,5),(288,909,55,1.56,2),(289,492,60,1.62,3),(290,837,2,1.69,4),(291,673,69,0.74,5),(292,689,96,1.13,2),(293,559,88,1.65,5),(294,219,80,0.91,2),(295,754,34,1.22,1),(296,390,34,1.67,3),(297,860,77,1.15,2),(298,930,48,1.16,1),(299,201,6,1.19,4),(300,532,97,1.92,4),(301,282,79,0.87,2),(302,17,80,1.39,2),(303,259,41,1.29,2),(304,809,10,1.44,3),(305,349,33,1.96,5),(306,596,68,1.61,5),(307,558,13,1.05,3),(308,884,64,1.31,3),(309,24,71,1.71,4),(311,699,27,0.74,4),(312,740,2,0.99,2),(313,618,22,1.56,4),(315,690,65,1.67,2),(316,174,82,0.78,2),(317,817,29,0.71,3),(318,272,30,1.93,4),(319,253,93,1.52,4),(320,501,76,0.92,3),(321,464,81,1.09,3),(322,47,24,1.97,2),(323,17,99,1.10,4),(324,82,91,1.91,2),(325,350,22,1.21,5),(327,892,23,1.09,5),(328,380,83,0.90,4),(329,434,68,1.05,5),(330,496,65,1.38,3),(331,217,5,1.54,2),(332,676,18,1.73,1),(333,348,19,0.98,3),(334,815,87,1.32,1),(335,303,94,1.54,4),(336,890,30,1.60,4),(337,891,7,0.89,2),(338,127,97,0.77,4),(339,554,12,1.42,4),(340,990,12,1.86,5),(341,366,79,1.91,3),(342,569,81,0.92,3),(343,558,50,1.56,4),(344,775,52,1.04,2),(345,450,83,0.98,4),(346,467,75,1.50,2),(347,19,46,1.19,1),(349,855,30,1.14,4),(350,979,40,0.71,1),(351,521,98,1.68,5),(352,363,95,1.49,5),(353,957,96,1.23,2),(354,934,61,0.73,2),(355,419,55,1.80,3),(356,226,3,1.48,4),(357,28,99,0.87,3),(358,36,36,1.52,1),(359,109,85,1.93,2),(360,580,17,1.54,1),(361,535,43,1.96,2),(362,194,5,1.19,5),(363,170,49,1.29,2),(364,801,85,1.09,2),(365,794,75,1.19,1),(366,850,95,1.49,1),(367,210,43,1.02,2),(368,160,27,0.77,1),(369,519,44,1.43,2),(370,479,53,0.97,3),(371,618,26,0.72,3),(372,996,56,0.82,4),(373,423,5,1.13,3),(374,376,46,1.88,4),(375,977,37,1.42,2),(376,21,54,0.85,5),(377,892,85,0.93,1),(378,740,17,1.19,3),(379,682,60,0.86,5),(380,187,78,1.09,4),(381,513,68,0.69,3),(382,730,6,1.69,2),(383,702,74,0.69,2),(384,995,9,0.94,5),(385,965,85,1.64,3),(386,986,6,0.88,3),(387,251,79,1.57,4),(388,452,81,1.64,5),(389,910,89,1.53,1),(390,520,89,1.23,5),(391,849,29,0.95,3),(392,912,26,1.13,5),(393,35,90,0.78,4),(394,552,74,1.61,1),(395,901,3,1.79,3),(396,975,95,1.11,1),(397,799,12,0.73,5),(398,323,53,1.49,5),(399,578,98,1.08,1),(400,704,29,1.77,3),(401,740,89,1.60,1),(402,223,58,1.43,1),(403,300,44,0.98,5),(404,909,14,1.44,5),(405,851,42,0.95,1),(406,179,42,1.36,1),(407,576,71,1.15,5),(408,726,55,1.61,1),(409,690,72,1.09,2),(410,253,81,1.46,4),(411,979,7,1.20,4),(412,875,22,0.71,5),(413,508,41,1.10,5),(414,419,85,1.12,4),(415,949,14,1.98,4),(416,279,17,1.61,5),(417,787,85,1.71,5),(418,481,53,0.86,5),(419,446,2,1.82,3),(420,119,49,1.30,4),(421,141,38,1.18,1),(422,828,40,0.77,1),(423,895,40,0.88,5),(424,731,78,1.82,2),(425,774,33,1.30,4),(426,813,69,1.88,5),(428,528,32,1.83,4),(429,810,2,1.23,3),(430,745,65,0.73,4),(431,44,51,1.22,3),(432,424,85,1.29,5),(433,685,45,1.47,2),(434,44,48,1.83,2),(435,765,76,1.43,2),(436,6,55,1.61,5),(437,814,10,1.56,2),(438,127,60,1.42,4),(439,440,68,1.39,2),(440,9,70,1.25,2),(441,536,51,0.84,1),(442,779,44,1.59,2),(443,170,44,1.41,3),(444,51,61,1.56,4),(445,604,17,0.76,1),(447,48,24,1.09,3),(448,441,19,1.29,2),(449,667,36,0.78,5),(450,504,57,1.15,1),(451,554,44,1.52,1),(452,553,88,1.85,3),(453,455,69,1.76,1),(454,209,83,0.94,4),(455,555,41,1.88,3),(457,748,71,1.32,1),(458,877,39,1.84,4),(459,778,39,1.83,5),(460,413,64,0.82,2),(461,723,16,0.74,2),(462,989,50,0.79,3),(463,630,5,1.22,2),(464,253,41,1.64,5),(465,815,29,1.10,3),(466,830,24,1.60,5),(467,539,59,1.88,5),(468,588,72,1.73,2),(469,908,83,1.71,1),(470,310,66,1.48,5),(471,276,44,1.24,3),(472,795,25,1.15,3),(473,656,80,1.77,5),(474,555,26,1.92,1),(475,834,95,0.96,2),(476,517,95,1.56,2),(477,454,6,1.23,4),(478,455,2,1.43,3),(479,381,67,1.31,2),(480,566,73,1.05,3),(481,549,45,1.09,1),(482,126,37,1.85,4),(485,743,33,0.83,3),(486,844,62,1.46,4),(487,887,46,0.86,3),(488,778,41,0.93,1),(489,303,91,1.85,4),(490,184,69,1.17,1),(491,499,4,0.81,1),(492,135,66,1.26,2),(493,289,70,1.16,3),(494,849,13,1.69,3),(495,173,83,1.57,4),(496,532,70,1.80,3),(497,375,5,1.80,1),(498,729,23,1.57,4),(499,926,98,1.58,1),(500,442,38,1.14,2),(501,232,18,1.00,2),(502,403,67,0.85,1),(503,683,100,1.39,1),(504,339,81,0.80,1),(505,143,37,1.84,2),(506,578,31,1.08,3),(507,901,8,1.06,4),(508,500,82,1.75,4),(509,36,88,1.08,4),(510,113,63,1.55,1),(511,603,98,1.04,4),(512,761,15,1.51,1),(513,90,84,0.88,3),(514,661,50,1.13,2),(515,989,73,1.44,2),(516,653,97,1.87,3),(517,475,62,1.96,3),(518,274,53,0.84,5),(520,947,70,1.72,5),(521,506,10,1.31,5),(522,417,2,1.88,5),(523,227,62,0.89,3),(524,685,7,1.83,5),(525,655,45,1.50,4),(526,545,32,1.90,2),(527,606,54,0.99,3),(528,344,99,1.22,3),(529,29,53,0.97,3),(530,142,82,1.58,5),(531,528,91,1.27,4),(532,23,6,1.48,4),(533,763,5,1.86,5),(534,804,85,1.23,1),(535,884,20,1.23,5),(536,840,1,0.85,2),(537,270,56,1.04,1),(538,353,2,1.93,3),(539,825,88,1.84,2),(541,606,74,0.87,4),(542,531,49,0.81,2),(543,172,36,1.72,1),(544,406,81,1.26,4),(545,747,62,1.20,2),(546,117,55,0.74,1),(547,975,54,1.33,2),(548,154,86,1.77,2),(549,273,17,1.53,1),(550,824,39,1.01,2),(551,291,32,1.07,4),(552,971,64,0.75,2),(553,400,91,1.70,3),(554,122,53,0.83,1),(555,366,3,1.22,4),(556,875,74,1.34,1),(557,260,100,1.76,4),(558,335,12,1.58,1),(559,652,90,1.17,3),(560,616,14,1.07,2),(561,353,100,1.06,2),(562,520,13,1.91,3),(563,107,14,1.53,3),(564,11,33,1.47,1),(565,165,16,1.32,3),(566,497,93,0.76,5),(567,677,95,0.70,5),(568,643,56,1.57,5),(569,135,76,0.88,1),(570,421,50,1.81,2),(571,874,5,0.84,2),(572,665,50,1.60,4),(573,853,10,0.99,3),(574,547,91,0.93,2),(575,270,46,0.92,3),(576,10,35,0.92,1),(577,615,46,1.80,2),(578,633,54,1.94,3),(579,842,6,1.22,5),(580,763,8,1.14,5),(581,657,28,0.89,5),(582,258,82,0.81,1),(583,428,11,1.43,4),(584,162,72,0.87,1),(586,793,7,1.22,4),(587,938,94,0.71,3),(588,890,28,0.97,5),(589,747,11,1.36,3),(590,521,47,1.66,4),(591,828,64,1.89,4),(592,607,89,1.02,4),(593,231,79,1.16,2),(594,774,94,1.54,1),(595,754,90,0.96,1),(596,705,96,1.71,1),(597,661,27,1.85,1),(598,735,66,0.86,3),(599,902,55,0.81,3),(600,879,64,1.60,2),(601,11,25,1.78,1),(602,467,92,1.47,5),(603,210,95,0.76,4),(604,842,85,1.47,3),(605,741,36,1.34,3),(606,134,59,1.41,5),(607,515,4,1.78,5),(608,282,85,0.78,4),(609,404,65,1.65,5),(610,302,30,1.69,3),(611,608,10,1.51,3),(613,276,19,1.11,4),(614,253,20,1.33,3),(615,947,45,1.03,1),(616,889,34,1.27,2),(617,102,60,1.41,4),(618,659,48,0.87,2),(619,188,84,1.02,5),(620,207,34,1.08,2),(621,124,4,0.96,4),(622,60,57,1.69,3),(623,557,6,1.17,5),(624,326,83,0.99,3),(625,133,1,1.46,4),(626,963,77,0.85,4),(627,956,36,1.14,3),(628,962,76,1.03,4),(629,781,95,1.48,1),(630,239,3,0.95,4),(631,170,43,1.30,2),(632,285,63,1.40,5),(633,978,19,1.00,3),(634,206,46,0.98,4),(635,639,79,1.83,1),(636,960,73,0.92,4),(637,730,10,1.98,2),(638,745,64,1.95,1),(639,334,33,0.83,5),(640,657,79,0.70,4),(641,809,43,1.92,5),(642,814,13,0.74,3),(643,612,4,1.19,2),(644,760,27,1.96,4),(645,963,52,1.74,5),(646,406,32,1.64,2),(647,484,37,1.51,2),(648,33,78,1.64,2),(649,771,29,1.80,1),(650,881,5,1.65,4),(651,819,21,1.89,5),(652,771,8,0.90,3),(653,556,74,1.57,4),(654,950,86,1.64,2),(655,654,74,1.56,3),(656,882,17,1.78,1),(657,305,9,0.74,5),(658,962,7,1.60,1),(659,923,87,1.45,4),(660,568,28,1.54,2),(661,94,57,0.73,5),(662,360,20,1.42,3),(663,40,12,1.21,4),(664,579,84,1.77,3),(665,943,96,0.90,1),(666,554,88,1.20,5),(667,692,73,1.64,3),(668,177,99,1.21,4),(669,972,93,1.33,5),(670,698,70,0.78,1),(671,41,34,1.59,5),(672,224,70,1.81,2),(673,57,19,1.64,3),(674,496,89,1.03,3),(675,417,66,1.60,4),(677,760,69,1.28,4),(678,980,81,0.97,3),(679,245,85,0.96,2),(680,406,6,0.77,5),(681,329,90,0.81,3),(682,751,77,0.97,1),(683,865,44,1.37,5),(684,287,9,0.96,1),(685,38,70,0.91,2),(686,789,3,1.62,5),(687,361,10,1.91,1),(688,701,35,1.33,1),(689,841,83,1.91,4),(690,50,1,0.84,3),(691,851,72,1.56,3),(692,235,88,0.86,1),(693,623,61,1.78,3),(694,278,96,1.71,4),(695,362,99,1.67,3),(696,706,38,1.14,5),(697,674,67,1.92,2),(698,70,13,1.57,3),(699,319,88,1.95,1),(701,408,44,0.75,2),(702,141,85,0.93,1),(703,631,7,0.85,1),(704,921,2,1.80,4),(705,412,15,1.37,1),(706,729,66,1.74,5),(707,554,38,1.01,4),(708,112,27,1.35,2),(709,912,85,0.93,3),(710,81,76,1.73,3),(711,401,9,0.98,5),(712,6,49,1.94,2),(713,413,33,1.81,3),(714,11,36,0.84,4),(715,116,11,1.58,1),(716,902,11,1.73,4),(717,902,62,1.36,1),(718,620,22,1.96,3),(719,189,48,1.27,2),(720,400,32,1.18,2),(721,777,97,1.76,3),(722,45,7,1.52,1),(723,712,55,0.93,3),(724,97,59,1.59,5),(725,890,35,1.08,2),(726,833,23,1.59,5),(727,638,68,1.59,2),(728,170,92,1.67,2),(729,159,75,1.32,4),(730,283,2,1.26,1),(731,36,53,1.35,5),(732,239,52,1.76,2),(733,226,89,0.74,1),(734,956,65,1.34,3),(735,28,5,1.97,5),(736,423,5,1.26,2),(737,867,74,1.43,5),(738,643,97,1.35,3),(739,630,96,0.97,4),(740,487,71,1.32,2),(741,108,57,1.59,1),(742,817,68,1.58,1),(743,721,54,1.37,4),(744,778,43,0.92,1),(745,820,7,0.98,1),(746,522,40,0.72,3),(747,297,88,0.80,1),(748,312,41,1.90,5),(749,625,97,1.59,4),(750,44,83,0.75,1),(751,207,22,1.51,4),(752,10,23,0.83,5),(753,435,40,1.84,1),(754,428,73,0.80,3),(755,667,36,0.88,3),(756,393,60,1.47,5),(757,449,82,1.68,4),(758,650,93,1.06,1),(759,527,48,1.49,3),(760,589,63,1.78,2),(761,172,94,1.64,2),(762,648,89,1.95,4),(763,195,91,1.91,5),(764,815,33,0.84,4),(765,549,7,0.72,2),(766,725,14,1.59,1),(767,609,21,1.79,1),(768,261,76,0.81,4),(769,625,36,0.92,2),(770,842,54,1.21,3),(771,403,35,1.64,2),(772,990,15,1.48,5),(773,711,98,1.44,1),(774,268,59,1.03,3),(775,496,62,1.87,2),(776,842,57,1.44,4),(777,353,76,1.27,2),(778,752,78,1.70,3),(779,360,77,1.95,5),(780,730,84,1.31,2),(781,561,46,0.76,4),(782,917,48,1.65,1),(783,223,50,1.13,4),(784,31,48,1.15,1),(785,141,6,1.05,4),(786,725,8,1.27,4),(787,76,23,1.24,3),(788,59,39,1.47,2),(789,781,98,0.95,3),(790,986,18,1.38,2),(791,613,94,1.51,5),(792,406,52,0.81,4),(793,911,63,0.96,2),(794,127,98,1.69,3),(795,803,62,1.13,2),(796,938,67,1.71,2),(797,100,46,1.80,3),(798,603,32,1.79,5),(799,472,8,1.42,4),(800,60,94,1.80,2),(801,844,87,1.04,5),(802,357,67,0.77,2),(804,535,69,0.94,4),(805,938,23,1.33,3),(806,257,92,1.58,2),(807,848,22,1.19,1),(808,748,41,1.91,4),(809,876,26,0.95,1),(810,833,80,1.19,2),(811,806,73,0.89,5),(812,650,79,1.20,5),(813,434,43,0.72,4),(814,659,1,0.97,2),(815,337,57,1.69,5),(816,986,87,1.57,2),(817,81,89,0.91,4),(818,514,35,1.08,5),(819,686,52,1.87,1),(820,713,8,1.41,4),(821,825,78,0.84,4),(822,2,34,0.78,3),(823,989,68,1.15,5),(824,478,56,1.05,2),(825,549,87,1.60,1),(826,499,74,1.26,4),(827,497,88,1.89,2),(828,873,28,1.49,1),(829,935,45,0.99,3),(830,133,13,0.92,5),(831,721,34,1.83,4),(832,166,1,1.66,4),(833,610,52,1.79,3),(834,724,14,1.18,2),(835,21,72,0.86,1),(836,192,2,1.77,4),(837,980,13,1.11,3),(838,692,76,0.69,1),(839,235,54,0.95,5),(840,776,36,1.93,2),(841,325,81,1.89,1),(842,259,99,1.81,3),(843,524,36,0.82,4),(844,603,72,1.66,1),(845,797,35,1.97,5),(846,875,33,0.92,1),(847,963,73,1.17,3),(848,160,76,1.58,3),(849,453,69,0.96,2),(850,555,23,0.78,4),(851,100,95,1.68,3),(852,413,16,1.91,3),(853,426,65,1.51,2),(854,46,41,1.44,3),(855,728,30,1.94,5),(856,292,71,0.84,1),(857,573,70,1.63,3),(858,722,15,1.07,5),(859,594,68,0.78,1),(860,744,77,1.58,2),(861,468,61,1.08,4),(862,275,33,1.97,2),(863,225,49,1.73,4),(864,616,28,0.91,5),(865,304,100,1.43,2),(866,862,40,0.73,4),(867,956,76,1.36,2),(868,459,15,0.76,1),(869,740,12,1.63,4),(870,629,65,0.69,3),(871,25,46,1.15,2),(872,27,32,1.49,3),(873,143,50,1.59,3),(874,879,69,1.83,1),(875,22,52,0.74,4),(876,73,61,1.60,4),(877,908,51,1.12,5),(878,937,44,1.66,5),(879,466,36,1.02,2),(880,48,5,1.33,3),(881,387,10,1.16,1),(882,203,92,1.90,5),(884,182,90,0.83,5),(885,114,23,1.24,1),(886,33,38,0.89,5),(887,593,62,1.51,3),(888,746,26,1.60,3),(889,193,59,1.07,1),(890,838,5,1.20,2),(891,4,49,1.96,5),(892,95,37,1.25,1),(893,28,50,1.84,5),(894,422,88,1.61,2),(895,253,64,1.63,2),(896,260,62,1.25,3),(897,67,47,1.92,1),(898,334,5,1.70,2),(899,822,27,0.90,5),(900,891,37,1.89,5),(901,586,13,0.75,1),(902,344,3,0.80,3),(903,296,15,0.70,2),(904,186,28,1.58,1),(905,73,18,1.71,3),(906,348,61,1.72,4),(907,740,48,1.80,2),(908,253,59,1.24,3),(909,296,32,0.92,1),(910,911,29,1.48,3),(911,116,18,1.11,3),(912,215,11,0.95,4),(913,770,57,0.92,2),(914,424,17,1.89,2),(915,174,12,1.24,2),(916,120,4,0.90,5),(917,71,7,1.20,3),(919,105,37,1.19,1),(920,353,47,1.86,2),(921,181,92,1.50,3),(922,263,94,1.58,2),(923,656,53,1.16,2),(924,39,76,0.92,1),(925,959,26,1.40,5),(926,30,2,0.69,1),(927,280,73,0.96,2),(928,583,99,1.34,3),(929,584,28,0.94,3),(930,60,66,1.54,1),(931,692,24,0.82,4),(932,931,11,0.75,2),(933,853,26,0.87,2),(934,45,74,1.65,4),(935,639,19,1.75,1),(936,16,61,0.79,2),(937,608,74,1.81,3),(938,192,84,1.32,2),(939,51,57,1.89,1),(940,743,43,1.90,4),(941,127,18,0.88,2),(942,770,78,1.80,5),(943,450,59,1.43,5),(944,295,92,1.07,3),(945,943,17,1.26,5),(946,11,58,1.22,2),(947,828,60,0.94,4),(948,6,44,0.90,2),(949,897,43,1.88,5),(950,159,22,1.45,1),(951,532,50,1.20,3),(952,236,98,1.52,1),(953,204,14,1.59,1),(954,573,52,1.61,5),(955,663,81,1.99,2),(956,296,82,1.99,2),(957,729,18,1.46,2),(958,761,68,1.88,3),(959,867,53,1.15,3),(960,685,64,1.51,3),(961,356,5,1.44,2),(962,770,51,1.77,1),(963,390,22,1.06,4),(964,44,58,1.11,1),(965,355,47,1.35,4),(966,959,5,1.85,1),(967,492,28,1.42,5),(968,355,73,1.65,1),(969,638,39,0.92,1),(970,707,95,0.84,5),(971,625,54,1.67,3),(972,304,84,0.91,3),(973,172,33,1.17,4),(974,654,48,1.97,1),(975,956,78,0.76,5),(976,141,87,1.96,5),(977,310,100,1.93,4),(978,914,1,1.39,2),(979,634,67,1.44,2),(980,896,16,1.54,5),(981,451,37,0.89,2),(982,385,30,1.35,4),(983,457,10,0.96,2),(984,664,100,1.74,5),(985,587,10,1.80,2),(986,686,79,0.71,2),(988,29,97,1.60,3),(989,331,99,1.86,1),(990,701,35,0.85,1),(991,755,48,1.12,5),(992,396,43,0.71,5),(993,781,11,1.99,4),(994,538,3,1.32,3),(995,713,85,1.11,5),(996,456,13,1.84,1),(997,582,30,1.37,1),(998,691,36,1.44,4),(999,17,68,1.90,5),(1000,173,46,1.70,1),(1001,142,6,0.94,4),(1002,15,3,0.71,1),(1003,953,52,1.02,5),(1004,579,78,1.62,4),(1005,589,45,1.78,3),(1006,798,71,1.06,4),(1007,861,66,0.79,3),(1008,589,77,1.05,5),(1009,834,34,1.56,1),(1010,686,5,0.70,4),(1011,968,3,1.53,1),(1012,979,43,0.74,2),(1013,220,96,1.26,5),(1014,282,19,0.81,4),(1015,203,84,1.24,2),(1016,810,48,1.14,4),(1017,624,6,1.13,3),(1018,743,72,1.55,4),(1019,235,74,1.70,1),(1020,726,65,0.77,3),(1021,961,76,1.53,1),(1022,129,33,1.79,4),(1023,442,66,0.87,3),(1024,12,46,1.66,2),(1026,325,80,1.64,1),(1027,827,42,1.90,5),(1028,305,1,0.86,5),(1029,981,43,1.85,2),(1030,191,49,1.82,1),(1031,633,49,1.58,3),(1032,869,56,1.49,5),(1035,284,27,1.37,3),(1036,282,1,1.29,3),(1037,683,61,1.23,2),(1038,710,85,1.24,2),(1039,654,26,1.81,4),(1040,787,6,0.73,3),(1041,892,34,0.96,3),(1042,321,52,1.31,5),(1043,493,6,0.76,2),(1044,667,28,1.62,2),(1045,248,37,0.97,3),(1046,245,60,1.79,4),(1047,269,3,1.15,2),(1048,36,3,1.23,3),(1049,273,47,1.23,2),(1050,364,87,1.94,1),(1051,367,1,0.75,3),(1052,137,72,0.81,3),(1053,942,91,1.20,4),(1054,705,26,1.69,5),(1055,157,50,1.24,5),(1056,462,11,0.78,1),(1057,704,52,1.32,1),(1058,185,17,1.42,2),(1059,202,41,1.99,4),(1060,996,76,1.11,5),(1061,868,97,0.73,2),(1062,816,97,0.88,4),(1063,814,74,1.46,5),(1064,428,17,1.23,3),(1065,652,61,1.71,3),(1066,145,83,1.85,1),(1067,667,25,1.98,1),(1068,819,2,1.82,5),(1069,438,77,1.19,4),(1070,437,3,1.25,5),(1071,199,91,1.82,5),(1072,2,63,1.15,4),(1073,523,82,0.91,1),(1074,302,53,1.70,4),(1075,195,3,0.87,5),(1076,633,27,0.87,5),(1077,800,5,0.95,3),(1078,858,17,1.80,2),(1079,413,73,0.90,5),(1080,437,76,1.01,2),(1081,659,51,1.56,5),(1082,650,55,1.85,5),(1083,291,58,1.65,3),(1084,995,16,1.71,2),(1085,467,83,1.05,3),(1086,349,16,0.96,4),(1087,142,70,1.06,2),(1088,742,97,0.84,5),(1089,708,79,1.68,4),(1090,29,1,1.72,4),(1091,200,66,0.81,5),(1092,117,36,1.29,2),(1093,672,50,1.17,1),(1094,121,45,1.02,5),(1095,368,75,1.06,2),(1096,967,68,1.29,3),(1097,302,25,1.62,5),(1098,308,55,0.79,1),(1100,595,91,1.87,2),(1101,372,63,1.51,1),(1102,993,61,1.59,4),(1103,163,32,0.75,2),(1104,937,34,0.72,2),(1105,667,20,1.44,2),(1106,598,74,1.73,3),(1107,309,51,1.08,4),(1108,395,12,1.26,5),(1109,479,58,1.09,4),(1110,32,93,1.89,5),(1111,33,60,1.38,5),(1112,323,48,1.64,3),(1113,181,24,1.80,4),(1114,268,2,1.06,5),(1115,163,37,1.67,3),(1116,377,69,1.85,2),(1117,340,50,0.74,2),(1118,900,47,0.82,2),(1119,894,85,1.64,2),(1120,54,86,1.21,3),(1121,898,98,1.27,4),(1122,567,10,1.50,5),(1123,896,70,1.27,4),(1124,273,24,0.84,2),(1125,514,82,1.45,1),(1126,581,80,1.49,4),(1127,782,20,1.32,2),(1128,743,88,1.13,1),(1129,97,2,1.29,4),(1130,199,34,1.94,2),(1131,527,74,0.78,4),(1132,249,11,1.36,2),(1133,476,36,1.24,5),(1134,791,85,1.04,4),(1135,454,50,1.82,4),(1136,179,38,1.53,5),(1137,967,70,1.57,3),(1138,538,49,1.95,5),(1139,242,54,1.67,5),(1140,112,79,1.35,4),(1141,679,51,1.07,2),(1143,833,24,1.88,4),(1144,407,36,1.86,2),(1145,171,93,1.20,1),(1146,48,90,1.14,2),(1147,212,42,1.01,5),(1148,744,90,1.17,2),(1149,386,89,0.83,2),(1150,349,76,1.37,3),(1151,599,9,1.18,2),(1152,376,35,1.78,4),(1153,1000,68,1.73,2),(1154,197,30,1.46,3),(1155,686,8,1.74,1),(1156,95,98,1.57,1),(1157,928,33,1.52,1),(1158,599,10,1.63,3),(1159,584,74,1.17,2),(1160,668,8,1.09,4),(1161,481,17,1.92,4),(1162,981,66,1.50,3),(1163,102,58,0.87,5),(1164,964,31,1.92,1),(1165,296,39,1.73,1),(1166,580,15,1.29,3),(1168,654,39,1.22,4),(1169,372,51,1.92,1),(1171,306,77,0.97,3),(1172,271,44,1.89,1),(1173,20,60,0.82,2),(1174,128,80,1.95,4),(1175,139,17,1.36,5),(1176,794,42,1.44,4),(1177,688,64,0.90,5),(1178,362,10,1.98,1),(1179,772,29,1.93,5),(1180,285,70,1.26,5),(1181,240,11,1.49,1),(1182,708,85,1.15,5),(1183,963,50,0.93,4),(1184,431,13,1.03,4),(1185,812,96,1.54,1),(1186,377,24,1.67,3),(1187,127,37,1.77,2),(1188,766,35,1.09,2),(1189,989,91,1.35,1),(1190,983,7,0.78,1),(1191,476,31,1.93,2),(1192,69,47,1.85,3),(1193,459,78,1.43,1),(1194,880,22,1.08,4),(1195,640,89,1.12,1),(1196,95,21,1.51,1),(1197,119,92,1.43,5),(1198,89,93,1.21,4),(1199,406,88,0.87,5),(1200,958,69,0.83,1),(1201,170,48,1.86,3),(1202,567,80,1.17,4),(1203,587,87,0.81,1),(1204,545,13,1.91,4),(1205,131,76,1.77,4),(1206,713,15,1.73,5),(1207,961,97,1.63,1),(1208,522,9,1.10,2),(1209,475,37,0.88,4),(1210,566,42,1.89,5),(1211,683,21,1.59,5),(1212,708,52,1.50,3),(1213,143,56,1.21,1),(1214,288,16,1.48,4),(1215,715,100,0.92,3),(1216,18,67,1.65,3),(1217,123,2,1.14,1),(1218,728,51,1.60,1),(1219,144,65,1.27,3),(1220,675,63,1.73,5),(1221,90,79,1.95,1),(1222,452,48,1.28,2),(1223,196,87,1.85,5),(1224,372,22,1.76,5),(1225,854,28,1.33,4),(1226,983,71,1.32,1),(1227,726,58,1.58,1),(1228,109,91,1.33,2),(1229,586,12,1.38,1),(1230,264,51,0.73,2),(1231,570,55,1.86,2),(1232,581,8,1.37,4),(1233,327,51,0.91,5),(1234,368,24,0.92,4),(1235,386,64,1.89,4),(1236,455,21,1.09,3),(1237,534,27,1.30,2),(1238,207,63,1.55,4),(1239,204,61,1.55,3),(1240,957,3,1.39,5),(1241,514,48,0.91,2),(1242,974,56,1.78,2),(1243,390,71,1.17,2),(1244,451,83,1.96,1),(1245,840,46,1.89,5),(1246,37,74,1.39,5),(1247,39,87,0.80,1),(1248,225,39,1.14,3),(1249,96,82,1.96,3),(1250,449,10,1.56,3),(1251,207,97,1.26,3),(1252,723,88,0.82,2),(1253,128,63,1.98,2),(1254,77,93,1.19,2),(1256,91,26,1.83,5),(1257,882,41,1.67,1),(1258,962,14,1.08,4),(1259,809,49,0.88,3),(1260,870,88,0.88,1),(1261,791,85,1.81,2),(1262,100,79,1.94,2),(1263,694,82,1.31,1),(1264,976,58,1.35,5),(1265,219,95,1.34,4),(1266,906,5,1.67,3),(1267,436,14,1.64,3),(1268,307,40,1.12,1),(1269,304,68,0.87,4),(1270,506,31,1.79,5),(1271,604,25,1.44,4),(1272,375,100,1.46,1),(1273,442,8,1.23,5),(1274,334,57,0.81,4),(1275,517,81,1.28,4),(1276,266,79,1.72,5),(1277,826,47,1.31,5),(1278,556,21,0.82,3),(1279,457,94,1.58,5),(1280,878,99,0.88,2),(1281,995,38,0.73,5),(1282,74,29,0.85,3),(1283,897,39,1.48,5),(1284,453,47,1.38,5),(1285,738,42,1.08,4),(1287,665,1,1.75,3),(1288,190,18,1.97,4),(1289,21,61,0.83,2),(1290,798,14,1.43,1),(1291,201,98,1.56,3),(1292,94,63,0.88,5),(1293,481,36,1.80,3),(1294,505,26,1.36,3),(1295,217,88,1.48,2),(1297,90,95,0.78,5),(1298,72,57,1.53,2),(1299,297,49,1.12,4),(1300,344,49,0.97,2),(1301,41,16,0.73,4),(1302,788,50,0.91,4),(1303,480,47,1.62,1),(1304,688,74,0.80,2),(1305,161,80,0.99,5),(1306,5,72,1.96,1),(1307,441,7,1.04,3),(1308,782,91,0.92,3),(1309,489,34,1.62,4),(1310,120,59,1.25,2),(1311,535,14,1.19,2),(1312,734,64,1.38,4),(1313,612,16,1.02,5),(1314,152,25,1.89,4),(1315,878,67,1.27,5),(1316,253,77,1.21,3),(1318,712,61,1.29,5),(1319,629,59,0.89,2),(1320,714,30,1.49,5),(1322,679,95,0.71,4),(1323,404,57,1.24,2),(1324,920,73,0.81,4),(1325,17,18,1.74,3),(1326,725,12,1.84,1),(1327,216,75,1.03,2),(1328,340,10,1.50,2),(1329,419,17,1.91,5),(1330,618,51,0.98,2),(1332,691,73,1.26,2),(1333,555,11,1.76,3),(1334,107,86,1.43,2),(1335,338,78,1.02,2),(1336,393,36,0.98,4),(1337,460,68,1.07,1),(1338,216,76,1.16,4),(1339,243,14,1.06,2),(1340,777,56,0.71,4),(1341,510,5,1.29,4),(1343,748,73,1.36,1),(1344,629,30,1.74,3),(1345,553,3,0.79,4),(1346,265,83,0.76,5),(1347,158,9,0.81,3),(1348,422,57,0.94,1),(1349,156,46,1.04,2),(1350,290,92,1.65,4),(1351,417,51,0.70,3),(1352,558,7,1.17,2),(1353,738,66,1.11,1),(1354,25,19,1.96,2),(1355,704,52,1.73,1),(1356,888,88,1.59,2),(1357,506,59,0.85,4),(1358,143,71,1.21,1),(1359,828,70,1.02,2),(1360,24,56,1.46,3),(1361,335,83,0.89,2),(1362,469,83,1.70,4),(1363,292,95,1.89,4),(1364,173,100,1.45,2),(1365,18,10,1.69,2),(1366,828,61,1.01,1),(1367,760,91,1.28,2),(1368,539,92,1.40,3),(1369,122,17,1.79,5),(1370,457,2,1.39,5),(1371,954,46,1.06,2),(1372,836,8,1.02,5),(1373,826,78,1.05,5),(1374,801,3,1.10,2),(1375,791,6,1.36,1),(1376,759,77,1.49,2),(1377,174,84,1.10,2),(1378,310,41,1.28,2),(1379,920,43,1.93,1),(1380,246,45,1.61,4),(1381,944,23,1.34,3),(1382,973,9,1.57,1),(1383,169,16,1.80,5),(1384,812,98,1.69,4),(1385,920,44,0.81,5),(1386,573,94,0.78,2),(1387,460,99,1.30,4),(1388,600,25,0.83,3),(1389,414,71,1.44,2),(1390,833,79,1.72,2),(1391,859,12,0.91,3),(1392,572,32,1.55,2),(1394,837,67,1.79,2),(1395,569,38,1.03,4),(1396,172,13,0.73,3),(1398,399,28,1.65,4),(1399,491,52,0.97,1),(1400,354,89,1.81,1),(1402,395,91,1.10,5),(1403,285,26,0.91,1),(1404,385,15,0.91,5),(1405,518,58,0.94,3),(1406,238,52,1.01,2),(1407,769,10,0.82,2),(1408,478,49,1.67,4),(1409,124,45,1.54,1),(1410,592,9,1.70,3),(1411,323,15,1.70,4),(1412,715,81,1.65,4),(1413,530,70,1.31,3),(1414,60,66,0.75,2),(1415,789,65,1.09,4),(1416,858,27,0.72,2),(1417,63,16,0.79,2),(1418,624,80,0.91,5),(1419,840,79,1.21,3),(1420,138,94,1.30,1),(1421,737,1,1.56,3),(1423,589,64,1.06,3),(1424,195,7,1.46,3),(1425,497,38,1.98,2),(1426,835,74,1.32,3),(1427,241,36,1.36,2),(1428,674,12,0.76,2),(1429,318,50,0.74,5),(1430,534,49,1.87,5),(1431,337,86,1.92,4),(1432,84,23,1.41,4),(1433,648,56,1.97,4),(1434,672,60,1.06,2),(1435,528,10,0.86,2),(1436,484,49,0.87,2),(1437,364,77,1.25,2),(1438,571,58,0.92,3),(1439,303,48,0.75,5),(1440,50,64,0.99,4),(1441,799,15,1.24,2),(1442,923,38,0.97,3),(1443,662,18,1.68,1),(1444,724,51,0.79,2),(1445,204,100,1.10,2),(1446,833,8,1.14,5),(1447,78,31,1.29,5),(1448,833,91,1.16,2),(1449,941,62,1.97,3),(1450,543,96,1.05,2),(1451,449,2,1.52,5),(1452,913,84,0.97,5),(1453,244,57,1.91,5),(1454,114,20,1.50,2),(1455,790,65,1.54,3),(1456,865,5,1.57,5),(1457,154,51,1.03,3),(1458,531,42,1.16,5),(1459,457,67,1.70,3),(1460,828,8,0.80,5),(1461,761,69,1.16,2),(1462,597,70,0.78,4),(1463,34,23,1.59,3),(1464,572,84,1.03,2),(1465,43,35,0.86,3),(1466,165,20,1.39,5),(1467,50,39,1.29,2),(1468,433,83,0.93,1),(1469,624,29,1.67,3),(1470,81,79,1.26,5),(1471,710,87,1.18,1),(1472,102,63,1.07,1),(1473,52,59,0.74,4),(1474,908,67,1.08,1),(1475,259,55,0.99,5),(1476,509,66,1.80,2),(1477,487,42,1.03,2),(1478,137,75,0.98,1),(1479,772,70,0.75,3),(1480,847,73,1.93,2),(1481,642,25,1.08,4),(1482,782,38,1.73,3),(1483,79,25,0.87,2),(1484,339,16,1.84,3),(1485,588,6,1.63,1),(1486,118,34,0.97,1),(1487,379,53,1.60,1),(1488,133,7,0.78,3),(1489,251,85,0.76,2),(1490,373,29,1.07,1),(1491,447,59,1.17,2),(1493,86,43,1.63,1),(1494,694,11,0.77,4),(1495,948,72,1.06,4),(1496,16,88,1.83,1),(1497,485,22,0.98,2),(1498,257,57,1.40,1),(1499,177,74,1.10,3),(1500,532,1,1.48,5),(1501,277,16,1.54,1),(1502,602,76,1.87,2),(1503,544,54,1.08,5),(1504,783,12,1.23,5),(1505,608,43,0.84,3),(1506,435,99,1.43,5),(1507,588,48,1.37,4),(1508,265,52,1.14,5),(1509,339,70,1.91,4),(1510,709,61,1.88,3),(1512,971,18,0.73,4),(1513,198,38,1.91,3),(1514,852,62,0.78,5),(1515,75,20,1.12,4),(1516,995,55,1.24,1),(1517,396,87,1.19,3),(1518,672,29,1.62,4),(1519,593,88,1.51,5),(1520,20,6,1.84,2),(1521,861,80,0.73,3),(1522,325,23,1.09,5),(1523,291,28,1.68,3),(1524,845,28,1.81,5),(1525,751,89,1.99,1),(1526,678,64,1.27,3),(1527,507,34,1.67,3),(1528,592,90,1.32,1),(1529,62,99,1.78,1),(1530,484,73,1.43,4),(1531,803,97,1.62,4),(1532,795,99,1.68,4),(1533,342,86,1.26,2),(1534,501,71,1.67,5),(1535,616,83,1.18,3),(1536,370,6,0.85,5),(1537,455,65,1.76,4),(1538,903,45,1.74,5),(1539,920,73,1.27,1),(1540,680,51,1.02,4),(1541,613,36,1.43,2),(1542,753,49,1.68,4),(1543,801,56,1.55,5),(1544,873,50,1.87,4),(1545,836,11,1.78,3),(1546,756,67,1.46,1),(1547,770,46,1.53,4),(1548,644,53,0.74,3),(1549,184,92,1.19,3),(1551,483,14,0.78,4),(1552,662,85,1.34,3),(1553,854,47,0.98,2),(1554,375,76,1.96,3),(1555,549,56,1.96,4),(1557,783,38,0.97,4),(1558,253,21,1.34,4),(1559,166,86,1.00,3),(1560,580,51,1.54,5),(1561,772,52,1.87,2),(1562,811,51,0.80,1),(1563,579,24,1.60,1),(1564,568,81,0.95,2),(1565,633,15,1.61,3),(1566,965,56,1.13,3),(1567,240,47,1.81,4),(1568,419,98,1.01,5),(1569,300,2,1.05,5),(1570,472,28,1.54,3),(1571,917,34,1.12,5),(1572,196,97,1.91,5),(1573,720,60,0.73,3),(1574,90,27,0.88,5),(1575,232,76,1.39,3),(1576,57,37,1.75,5),(1577,69,64,1.68,4),(1578,390,46,1.65,3),(1579,775,48,1.19,1),(1580,418,4,1.82,3),(1581,373,8,0.85,5),(1582,920,73,0.87,4),(1583,963,44,1.26,4),(1584,945,35,1.71,4),(1585,295,94,1.26,3),(1586,398,35,1.66,1),(1587,225,33,1.29,4),(1588,778,40,1.84,1),(1589,361,53,0.74,5),(1590,587,2,0.88,2),(1591,472,33,1.47,5),(1592,338,11,1.56,1),(1593,71,31,1.04,3),(1594,799,100,0.97,3),(1595,509,32,0.75,3),(1596,431,58,0.83,1),(1597,997,14,1.88,3),(1598,272,22,1.78,4),(1599,869,96,1.52,2),(1600,792,61,1.95,5),(1601,671,63,0.89,4),(1602,463,26,0.85,2),(1603,609,62,1.35,4),(1604,29,63,1.81,2),(1605,192,76,1.55,5),(1606,745,89,1.25,1),(1607,321,59,1.57,4),(1608,126,87,1.16,5),(1609,734,69,1.15,1),(1610,372,6,1.43,2),(1611,727,100,1.20,1),(1612,461,86,0.97,2),(1613,586,74,1.34,1),(1614,794,43,0.86,5),(1615,135,93,0.80,4),(1616,214,61,1.48,5),(1617,58,85,1.86,5),(1618,714,84,1.62,5),(1619,685,29,1.85,4),(1620,453,41,1.65,3),(1621,864,76,1.58,4),(1622,491,22,1.68,3),(1623,322,20,0.71,5),(1624,648,41,1.60,1),(1625,749,39,0.70,2),(1627,931,77,0.96,2),(1628,524,20,1.00,5),(1629,53,21,0.89,5),(1630,618,21,1.55,5),(1631,749,17,1.32,4),(1632,666,95,1.00,3),(1633,386,95,1.68,3),(1634,649,7,1.80,5),(1635,631,50,1.37,5),(1636,228,74,1.16,5),(1637,614,6,1.39,3),(1638,113,97,1.42,4),(1639,516,69,1.41,5),(1640,966,88,1.07,5),(1641,244,3,1.79,4),(1642,606,54,0.96,4),(1643,762,32,1.68,2),(1644,459,81,1.16,1),(1645,846,38,0.78,5),(1646,849,3,0.83,2),(1648,133,75,1.35,2),(1649,317,38,1.07,4),(1650,227,38,0.70,1),(1651,80,67,1.34,2),(1652,139,18,1.11,4),(1653,118,18,1.01,5),(1654,620,90,1.35,4),(1655,439,43,1.97,5),(1656,991,67,1.85,2),(1657,652,45,1.84,5),(1658,21,46,0.87,2),(1659,694,80,1.43,4),(1660,315,54,1.22,5),(1661,309,77,1.58,5),(1662,31,95,0.74,2),(1663,930,77,0.83,4),(1664,177,13,1.04,2),(1665,174,80,1.51,1),(1666,692,92,1.73,5),(1667,611,15,0.78,1),(1668,361,7,0.87,3),(1669,454,26,1.98,2),(1670,387,5,0.87,5),(1671,187,30,1.68,3),(1672,753,70,0.87,2),(1673,200,85,1.67,4),(1674,138,93,0.87,1),(1675,743,17,1.20,2),(1676,103,45,1.09,3),(1677,251,42,1.60,5),(1678,272,60,1.75,2),(1679,27,30,1.19,4),(1680,204,53,1.91,1),(1681,323,76,1.41,5),(1682,58,15,1.27,1),(1683,585,99,1.12,1),(1684,770,32,1.94,5),(1685,544,97,0.75,4),(1686,751,73,1.85,1),(1687,486,38,1.10,4),(1688,133,5,1.94,1),(1689,505,59,1.02,3),(1690,720,88,1.72,1),(1691,221,22,0.75,4),(1693,520,83,1.13,1),(1694,713,14,1.34,4),(1695,325,19,1.61,3),(1696,768,3,1.98,2),(1697,795,61,1.62,5),(1698,162,86,1.33,5),(1700,81,42,1.76,2),(1701,882,58,1.94,3),(1702,820,69,1.65,4),(1703,341,67,1.55,5),(1704,836,71,0.73,3),(1705,197,88,1.40,1),(1706,759,21,1.90,3),(1707,487,91,1.23,3),(1709,610,55,0.72,1),(1710,956,10,1.36,2),(1711,371,51,0.98,2),(1712,553,13,0.86,2),(1713,128,43,1.41,5),(1714,960,81,1.87,3),(1715,751,15,1.26,4),(1716,718,38,1.05,4),(1717,353,21,0.92,3),(1718,493,45,0.70,5),(1719,775,6,1.68,1),(1720,70,54,1.62,2),(1721,623,83,0.88,4),(1722,912,6,1.33,2),(1723,323,11,1.11,1),(1724,408,99,1.81,1),(1725,573,25,1.64,3),(1726,192,47,1.14,4),(1727,9,37,1.24,5),(1728,874,70,1.33,1),(1729,169,41,1.30,5),(1730,855,95,1.86,4),(1731,31,66,0.80,5),(1732,991,48,1.75,5),(1733,90,70,1.72,4),(1734,514,76,1.01,1),(1735,179,17,0.92,1),(1736,335,29,0.99,3),(1737,423,83,1.05,3),(1738,492,52,1.29,2),(1739,23,64,1.40,4),(1740,503,4,1.08,3),(1741,501,69,1.24,3),(1742,334,83,0.74,2),(1743,770,89,1.53,5),(1744,225,61,1.91,5),(1745,824,6,0.72,3),(1746,490,40,1.17,2),(1747,702,73,1.75,1),(1748,381,26,1.56,5),(1749,584,68,1.38,1),(1750,56,43,1.94,5),(1751,327,44,1.76,4),(1752,230,63,1.93,4),(1753,930,73,1.78,1),(1754,340,30,0.76,5),(1755,576,10,1.04,4),(1756,765,86,0.78,4),(1757,497,57,1.42,3),(1758,966,28,1.64,5),(1759,102,37,1.68,5),(1760,949,21,1.24,4),(1761,79,21,1.79,4),(1762,635,83,1.73,4),(1763,289,41,1.98,2),(1764,74,93,1.76,5),(1765,725,66,1.12,4),(1766,276,70,1.48,3),(1767,415,97,1.81,3),(1768,459,66,1.14,4),(1769,780,23,0.89,4),(1770,171,86,1.54,3),(1771,135,54,0.82,4),(1772,282,24,1.02,2),(1773,521,17,1.55,2),(1774,907,51,1.96,5),(1775,739,7,1.14,2),(1776,262,32,1.18,2),(1777,455,8,1.63,1),(1778,770,58,1.65,2),(1779,7,80,1.90,3),(1780,367,55,1.37,2),(1781,501,79,1.94,5),(1782,431,42,0.86,5),(1783,402,62,0.83,4),(1784,937,42,1.56,3),(1785,464,89,1.35,4),(1786,250,82,1.22,4),(1787,687,63,1.89,2),(1788,107,33,1.31,1),(1789,822,8,1.35,4),(1790,772,54,1.22,2),(1791,335,34,1.54,3),(1792,517,40,1.52,2),(1793,732,56,1.49,2),(1794,914,9,1.01,4),(1795,703,85,1.09,3),(1796,516,17,0.85,3),(1797,830,27,1.49,1),(1798,148,65,1.74,5),(1799,344,74,0.90,1),(1800,196,95,1.10,3),(1801,502,23,1.67,5),(1802,634,74,1.80,2),(1803,263,38,1.63,2),(1804,871,56,1.73,1),(1805,515,24,1.06,5),(1806,442,20,1.53,2),(1807,457,46,0.87,1),(1808,220,100,1.53,1),(1809,534,75,1.03,1),(1810,642,6,1.34,5),(1811,460,25,1.36,2),(1812,631,37,1.29,1),(1813,443,18,1.03,1),(1814,911,6,1.07,5),(1815,462,21,1.77,2),(1816,438,94,1.48,1),(1817,4,23,0.90,3),(1818,56,97,1.75,3),(1819,568,29,0.86,5),(1820,753,41,1.94,1),(1821,977,36,1.53,4),(1822,163,18,1.83,4),(1823,130,73,0.83,1),(1824,691,6,1.44,4),(1825,501,41,1.13,4),(1826,862,88,1.55,1),(1827,515,5,1.27,1),(1828,941,38,1.00,4),(1829,348,45,0.70,2),(1830,835,6,1.44,3),(1831,681,15,1.24,3),(1832,594,88,0.79,2),(1833,516,10,1.42,5),(1834,624,7,1.82,3),(1835,52,93,1.65,5),(1836,466,22,1.83,1),(1837,576,41,1.89,5),(1838,30,1,0.69,4),(1839,805,19,1.79,5),(1840,105,14,1.78,3),(1841,177,46,0.76,1),(1842,703,41,1.90,2),(1843,686,100,1.55,3),(1844,527,78,1.58,1),(1845,960,60,0.70,5),(1846,721,9,1.25,1),(1847,454,59,1.61,3),(1848,65,66,1.70,1),(1849,44,43,1.65,2),(1850,121,16,1.82,5),(1851,125,95,0.94,5),(1852,272,94,1.70,1),(1853,114,88,0.92,4),(1854,784,62,0.76,5),(1855,947,94,1.61,4),(1856,625,100,0.88,3),(1857,888,6,1.63,3),(1858,913,12,0.96,3),(1859,381,61,0.96,4),(1860,500,29,0.70,2),(1861,526,40,0.87,2),(1862,272,9,0.81,3),(1863,757,59,1.64,4),(1864,677,57,1.17,3),(1866,496,16,1.78,4),(1867,544,28,0.86,4),(1868,587,19,1.28,5),(1869,733,4,1.68,2),(1870,130,27,1.43,5),(1871,982,96,0.79,1),(1872,502,53,1.17,4),(1873,806,61,1.20,3),(1874,706,19,1.05,1),(1875,575,85,0.78,5),(1876,926,24,1.52,5),(1877,899,20,1.26,4),(1878,877,98,1.67,2),(1879,657,19,1.17,3),(1880,731,8,0.71,2),(1881,143,62,1.46,5),(1882,246,62,1.16,2),(1883,46,67,1.14,5),(1884,869,73,1.73,2),(1885,702,44,1.16,4),(1886,695,95,1.36,1),(1887,32,85,1.72,4),(1888,946,60,1.52,3),(1889,596,59,1.46,4),(1890,98,64,1.09,4),(1891,661,91,1.60,3),(1892,921,25,1.65,5),(1893,527,9,1.87,5),(1895,266,30,0.90,1),(1896,341,7,0.81,4),(1897,193,99,1.30,2),(1898,509,20,1.55,5),(1899,124,15,0.84,1),(1900,67,64,0.71,5),(1901,440,96,1.66,2),(1902,919,17,1.20,1),(1903,162,100,1.78,1),(1904,282,61,1.06,1),(1905,91,3,1.87,4),(1906,88,12,1.34,5),(1907,226,17,1.52,2),(1908,7,24,0.71,2),(1909,774,95,0.93,2),(1910,430,18,0.98,2),(1911,433,97,1.77,2),(1912,481,62,1.80,5),(1913,339,32,1.77,3),(1914,979,80,1.07,2),(1915,704,70,1.62,5),(1916,176,75,0.93,1),(1917,224,73,1.28,4),(1919,601,86,1.37,3),(1920,426,29,1.87,4),(1921,612,19,1.27,2),(1922,956,25,1.09,2),(1923,582,65,1.38,2),(1924,283,44,1.07,3),(1925,30,8,1.00,5),(1926,746,53,0.72,4),(1927,217,54,1.70,5),(1928,332,93,1.55,2),(1929,735,22,1.38,2),(1930,486,42,0.77,4),(1931,556,85,1.80,1),(1932,179,7,0.98,5),(1933,319,86,0.98,2),(1934,358,32,0.77,1),(1935,568,63,1.36,4),(1936,709,1,1.82,3),(1937,402,46,1.37,4),(1938,954,45,0.89,4),(1939,408,20,1.69,5),(1940,44,42,1.46,3),(1941,708,30,1.06,5),(1942,195,55,1.24,3),(1943,841,5,1.06,4),(1944,788,34,0.92,5),(1945,638,44,1.34,2),(1946,73,99,0.90,1),(1947,818,13,0.92,4),(1948,494,49,1.91,2),(1949,69,26,1.13,3),(1950,672,71,1.71,4),(1951,534,38,0.85,3),(1952,382,12,0.94,5),(1953,133,50,1.18,4),(1954,752,39,0.99,2),(1955,679,30,1.60,5),(1956,16,57,1.47,4),(1957,978,45,1.25,4),(1958,674,93,1.54,2),(1959,188,57,0.73,2),(1960,455,53,1.27,1),(1961,363,1,0.72,1),(1962,139,27,1.09,4),(1963,834,95,1.01,4),(1964,435,60,1.62,3),(1965,879,45,1.98,3),(1966,587,79,1.71,1),(1967,217,98,1.38,3),(1968,457,2,0.97,3),(1969,858,37,1.35,5),(1970,578,6,0.78,4),(1971,862,11,0.70,2),(1972,78,65,1.04,1),(1973,776,64,0.89,4),(1974,944,1,1.34,1),(1975,667,7,1.07,1),(1976,97,83,1.58,5),(1977,521,24,1.05,2),(1978,51,80,1.90,5),(1979,601,84,1.34,3),(1980,202,50,1.67,3),(1981,737,1,0.97,4),(1982,854,91,0.77,2),(1983,272,67,0.83,1),(1984,759,58,1.35,2),(1985,464,30,0.97,5),(1986,999,97,1.39,3),(1987,914,87,1.40,1),(1988,284,23,0.94,2),(1989,731,26,1.82,2),(1990,833,2,1.17,1),(1991,381,23,0.95,2),(1992,996,20,0.72,2),(1993,570,81,1.30,1),(1994,707,10,0.91,5),(1995,932,91,1.50,2),(1996,65,42,1.44,4),(1997,651,66,0.72,2),(1998,380,91,0.73,1),(1999,824,93,1.98,5),(2000,565,91,1.25,3);
/*!40000 ALTER TABLE `invoiceline` ENABLE KEYS */;
UNLOCK TABLES;

--
-- Table structure for table `mediatype`
--

DROP TABLE IF EXISTS `mediatype`;
/*!40101 SET @saved_cs_client     = @@character_set_client */;
/*!50503 SET character_set_client = utf8mb4 */;
CREATE TABLE `mediatype` (
  `MediaTypeId` int NOT NULL,
  `Name` varchar(120) CHARACTER SET utf8mb3 COLLATE utf8mb3_general_ci DEFAULT NULL,
  PRIMARY KEY (`MediaTypeId`)
) ENGINE=InnoDB DEFAULT CHARSET=utf8mb4 COLLATE=utf8mb4_0900_ai_ci;
/*!40101 SET character_set_client = @saved_cs_client */;

--
-- Dumping data for table `mediatype`
--

LOCK TABLES `mediatype` WRITE;
/*!40000 ALTER TABLE `mediatype` DISABLE KEYS */;
INSERT INTO `mediatype` VALUES (1,'Read Format'),(2,'Democrat Format'),(3,'Certain Format'),(4,'Toward Format'),(5,'Any Format'),(6,'Million Format');
/*!40000 ALTER TABLE `mediatype` ENABLE KEYS */;
UNLOCK TABLES;

--
-- Table structure for table `playlist`
--

DROP TABLE IF EXISTS `playlist`;
/*!40101 SET @saved_cs_client     = @@character_set_client */;
/*!50503 SET character_set_client = utf8mb4 */;
CREATE TABLE `playlist` (
  `PlaylistId` int NOT NULL,
  `Name` varchar(120) CHARACTER SET utf8mb3 COLLATE utf8mb3_general_ci DEFAULT NULL,
  PRIMARY KEY (`PlaylistId`)
) ENGINE=InnoDB DEFAULT CHARSET=utf8mb4 COLLATE=utf8mb4_0900_ai_ci;
/*!40101 SET character_set_client = @saved_cs_client */;

--
-- Dumping data for table `playlist`
--

LOCK TABLES `playlist` WRITE;
/*!40000 ALTER TABLE `playlist` DISABLE KEYS */;
INSERT INTO `playlist` VALUES (1,'Their Playlist'),(2,'Guess Playlist'),(3,'Foreign Playlist'),(4,'Baby Playlist'),(5,'Every Playlist'),(6,'Drug Playlist'),(7,'Feeling Playlist'),(8,'Back Playlist'),(9,'Few Playlist'),(10,'Medical Playlist'),(11,'Time Playlist'),(12,'Hear Playlist'),(13,'Sea Playlist'),(14,'Blue Playlist'),(15,'Movement Playlist'),(16,'Week Playlist'),(17,'No Playlist'),(18,'Identify Playlist'),(19,'Right Playlist'),(20,'Wall Playlist'),(21,'General Playlist'),(22,'Yourself Playlist'),(23,'Authority Playlist'),(24,'Several Playlist'),(25,'Always Playlist'),(26,'Our Playlist'),(27,'Tax Playlist'),(28,'System Playlist'),(29,'Practice Playlist'),(30,'Money Playlist');
/*!40000 ALTER TABLE `playlist` ENABLE KEYS */;
UNLOCK TABLES;

--
-- Table structure for table `playlisttrack`
--

DROP TABLE IF EXISTS `playlisttrack`;
/*!40101 SET @saved_cs_client     = @@character_set_client */;
/*!50503 SET character_set_client = utf8mb4 */;
CREATE TABLE `playlisttrack` (
  `PlaylistId` int NOT NULL,
  `TrackId` int NOT NULL,
  PRIMARY KEY (`PlaylistId`,`TrackId`),
  KEY `TrackId` (`TrackId`),
  CONSTRAINT `playlisttrack_ibfk_1` FOREIGN KEY (`PlaylistId`) REFERENCES `playlist` (`PlaylistId`),
  CONSTRAINT `playlisttrack_ibfk_2` FOREIGN KEY (`TrackId`) REFERENCES `track` (`TrackId`)
) ENGINE=InnoDB DEFAULT CHARSET=utf8mb4 COLLATE=utf8mb4_0900_ai_ci;
/*!40101 SET character_set_client = @saved_cs_client */;

--
-- Dumping data for table `playlisttrack`
--

LOCK TABLES `playlisttrack` WRITE;
/*!40000 ALTER TABLE `playlisttrack` DISABLE KEYS */;
INSERT INTO `playlisttrack` VALUES (23,1),(28,1),(28,2),(9,3),(11,3),(1,4),(7,4),(17,4),(21,4),(23,4),(24,4),(26,4),(26,5),(9,6),(10,6),(15,6),(30,7),(2,8),(14,8),(7,9),(16,9),(19,10),(29,10),(13,12),(28,12),(7,13),(25,13),(21,14),(25,14),(26,15),(6,16),(19,16),(12,18),(19,18),(14,20),(5,21),(14,23),(30,23),(12,24),(21,24),(25,24),(28,25),(8,26),(12,26),(8,27),(9,27),(12,29),(1,30),(8,30),(25,30),(27,30),(12,32),(18,32),(5,34),(1,35),(7,35),(9,35),(11,35),(10,36),(19,36),(30,36),(29,37),(23,41),(11,42),(22,43),(3,44),(17,44),(28,44),(14,45),(5,46),(11,46),(18,46),(19,46),(27,46),(21,47),(8,48),(13,48),(21,48),(27,49),(22,50),(25,50),(29,50),(9,51),(1,52),(19,52),(6,53),(23,53),(11,54),(15,54),(9,55),(23,55),(24,55),(5,56),(7,56),(15,56),(30,56),(20,57),(21,59),(16,60),(9,62),(16,62),(8,63),(11,65),(13,65),(23,65),(10,67),(25,67),(4,68),(17,68),(27,68),(3,69),(13,69),(16,69),(1,70),(23,70),(26,70),(27,70),(6,71),(16,71),(28,72),(28,73),(3,75),(13,75),(5,76),(17,76),(18,76),(26,76),(14,77),(6,78),(12,78),(23,78),(2,79),(15,79),(19,79),(28,79),(5,82),(12,82),(16,82),(24,82),(2,83),(3,83),(4,83),(11,83),(29,83),(12,84),(14,84),(21,84),(25,84),(18,85),(20,85),(5,86),(19,86),(20,86),(21,86),(16,88),(1,89),(8,89),(18,89),(25,89),(11,90),(28,92),(3,93),(20,93),(7,94),(19,94),(15,95),(8,96),(9,96),(18,96),(29,96),(9,97),(24,97),(6,98),(14,98),(18,98),(1,101),(7,101),(22,101),(1,102),(24,102),(16,104),(13,106),(15,106),(30,106),(21,107),(12,108),(18,108),(13,109),(15,109),(21,111),(3,112),(5,112),(15,112),(22,112),(19,113),(28,113),(9,114),(20,114),(23,114),(29,114),(19,118),(6,119),(13,119),(8,120),(11,121),(16,121),(16,122),(14,123),(13,124),(2,125),(3,125),(15,126),(9,127),(23,127),(29,127),(19,128),(16,129),(10,130),(3,131),(9,131),(20,131),(4,132),(1,133),(4,134),(13,136),(21,136),(22,136),(29,136),(16,137),(19,137),(8,138),(22,138),(3,139),(8,139),(18,139),(21,139),(27,139),(30,139),(9,140),(12,140),(20,140),(23,141),(4,142),(15,142),(4,143),(13,143),(14,143),(23,143),(6,144),(9,144),(14,144),(18,144),(20,144),(26,144),(7,145),(19,145),(21,145),(22,145),(10,146),(25,146),(17,147),(22,148),(27,148),(1,149),(6,149),(12,149),(17,149),(30,149),(16,150),(17,150),(20,150),(13,151),(22,152),(26,152),(2,153),(23,154),(12,155),(22,155),(28,155),(9,156),(12,156),(30,158),(5,159),(16,159),(22,159),(3,160),(11,160),(13,160),(22,160),(11,161),(17,161),(28,161),(16,162),(30,162),(14,163),(24,163),(13,164),(15,164),(18,164),(8,165),(19,165),(18,166),(3,167),(4,167),(27,168),(18,169),(28,169),(2,170),(27,170),(22,171),(17,173),(25,173),(4,174),(7,174),(8,174),(26,174),(2,176),(19,176),(5,177),(1,178),(10,178),(20,178),(12,179),(13,179),(20,179),(4,180),(7,180),(9,180),(22,180),(24,180),(13,181),(5,182),(8,185),(18,185),(1,186),(6,186),(13,186),(16,186),(13,187),(1,188),(14,188),(11,189),(13,189),(26,189),(6,190),(10,190),(30,190),(2,192),(4,192),(15,192),(24,192),(19,193),(3,194),(13,194),(6,196),(4,197),(6,197),(10,197),(1,198),(5,198),(6,199),(16,199),(10,200),(13,200),(21,200),(6,201),(19,201),(30,202),(14,203),(6,204),(7,204),(3,205),(14,205),(3,206),(24,206),(5,207),(7,207),(17,207),(22,207),(24,207),(2,208),(13,209),(25,209),(4,210),(21,210),(30,210),(1,212),(1,213),(24,213),(27,213),(25,214),(17,215),(2,217),(5,217),(11,217),(25,217),(13,218),(26,218),(26,219),(7,221),(28,222),(5,223),(9,223),(26,223),(29,225),(13,226),(25,226),(4,227),(23,227),(26,228),(18,229),(30,229),(3,230),(19,230),(25,230),(25,231),(22,232),(2,233),(27,233),(9,234),(1,235),(27,235),(6,236),(12,236),(6,237),(14,237),(18,237),(13,238),(15,238),(18,238),(10,240),(17,240),(25,240),(30,242),(20,243),(22,243),(15,245),(28,245),(29,245),(21,246),(3,247),(18,247),(26,247),(8,249),(28,249),(30,249),(3,250),(6,250),(2,251),(3,251),(21,251),(14,252),(3,253),(10,253),(14,253),(16,253),(26,253),(6,254),(4,255),(25,255),(6,256),(12,256),(27,256),(19,257),(26,257),(22,258),(4,259),(5,259),(21,260),(22,262),(26,262),(28,262),(22,263),(3,264),(23,264),(8,265),(10,265),(17,265),(20,265),(25,265),(8,266),(22,266),(7,267),(15,267),(26,267),(27,267),(15,268),(14,269),(14,270),(18,270),(5,271),(19,271),(13,272),(1,273),(22,273),(27,274),(6,275),(20,275),(4,276),(18,277),(14,278),(21,278),(23,278),(12,279),(11,280),(19,280),(21,280),(20,281),(21,281),(2,282),(5,282),(17,282),(25,283),(6,284),(9,284),(14,284),(4,285),(18,286),(5,287),(7,287),(23,287),(7,288),(17,288),(29,288),(16,290),(26,290),(11,291),(18,291),(29,291),(20,292),(3,293),(9,293),(18,293),(8,294),(24,294),(28,294),(2,295),(8,295),(9,295),(12,296),(29,296),(15,297),(27,297),(13,298),(18,298),(19,298),(28,298),(9,299),(15,299),(9,300),(16,300),(29,301),(4,302),(14,303),(23,303),(29,303),(18,304),(23,304),(25,304),(11,305),(20,305),(27,305),(29,305),(15,307),(17,307),(23,307),(26,307),(4,308),(7,308),(22,308),(10,309),(6,310),(7,311),(15,311),(12,312),(14,312),(22,312),(24,312),(14,314),(19,314),(8,316),(26,316),(29,316),(3,317),(1,318),(17,318),(19,318),(27,319),(28,319),(3,320),(5,320),(16,320),(4,321),(9,321),(27,322),(5,323),(17,323),(3,324),(10,324),(18,324),(27,325),(3,326),(12,326),(13,326),(18,326),(25,326),(28,326),(21,327),(22,329),(27,329),(4,330),(12,330),(15,331),(18,331),(21,331),(27,331),(1,332),(6,332),(7,332),(26,333),(27,333),(5,334),(8,334),(8,335),(4,336),(7,336),(9,336),(16,336),(30,336),(4,337),(14,337),(22,337),(23,337),(25,337),(2,338),(9,338),(21,338),(26,338),(9,339),(4,340),(18,340),(22,340),(1,341),(8,341),(19,341),(5,342),(8,342),(11,342),(17,342),(29,342),(3,343),(6,343),(20,343),(2,344),(29,344),(1,345),(8,345),(13,345),(2,347),(6,347),(15,347),(2,348),(3,348),(16,348),(24,349),(16,350),(22,351),(28,351),(15,352),(23,352),(4,353),(23,353),(2,354),(12,354),(16,354),(29,354),(10,355),(13,355),(3,357),(18,358),(24,358),(18,359),(20,359),(17,360),(5,361),(11,361),(13,361),(1,362),(22,363),(26,363),(11,364),(12,364),(20,364),(3,365),(15,366),(26,366),(2,368),(6,371),(3,372),(15,372),(27,372),(14,373),(25,373),(3,374),(5,374),(10,374),(17,374),(24,374),(1,375),(18,375),(22,375),(27,376),(1,377),(2,377),(9,377),(14,377),(19,377),(23,377),(3,378),(4,378),(29,378),(16,379),(28,379),(30,379),(18,380),(28,380),(15,381),(17,381),(28,381),(30,382),(7,384),(25,384),(7,385),(9,386),(12,386),(30,386),(8,387),(4,388),(17,388),(19,388),(29,388),(9,389),(13,389),(21,389),(26,389),(1,390),(8,390),(20,390),(22,390),(23,390),(26,390),(7,391),(6,392),(11,392),(22,392),(21,393),(22,393),(15,394),(20,394),(10,395),(20,395),(21,395),(24,395),(28,395),(4,396),(16,396),(21,397),(9,398),(22,399),(15,400),(2,401),(30,401),(22,402),(27,402),(20,404),(10,406),(15,406),(5,407),(17,407),(29,408),(13,409),(13,410),(15,410),(24,410),(27,410),(8,412),(30,412),(26,413),(18,414),(5,415),(7,415),(3,416),(5,416),(7,417),(16,417),(7,418),(17,418),(7,420),(21,420),(25,420),(5,421),(6,421),(9,421),(12,421),(5,422),(21,422),(7,423),(8,423),(24,423),(18,424),(21,424),(24,424),(1,425),(7,425),(2,428),(14,428),(12,429),(4,430),(2,431),(16,431),(21,431),(3,432),(9,432),(1,433),(14,434),(22,434),(25,434),(5,435),(26,435),(2,436),(24,436),(6,438),(26,438),(4,439),(22,439),(25,439),(29,440),(18,441),(21,441),(22,441),(24,441),(27,442),(5,443),(17,443),(22,443),(23,443),(24,443),(1,444),(4,444),(8,444),(22,444),(16,445),(27,445),(24,446),(26,446),(10,447),(13,447),(25,448),(9,449),(12,449),(25,449),(25,450),(6,451),(21,451),(29,451),(30,451),(15,452),(22,452),(2,453),(11,453),(1,454),(12,454),(26,455),(6,456),(15,456),(17,457),(8,458),(10,458),(17,458),(28,458),(8,459),(11,459),(17,459),(1,460),(4,460),(15,460),(9,461),(15,461),(30,461),(9,462),(28,463),(5,464),(7,465),(11,465),(26,465),(15,466),(20,466),(30,467),(22,468),(26,468),(10,470),(12,471),(24,471),(29,471),(1,472),(21,472),(23,472),(27,472),(2,473),(30,473),(1,474),(21,474),(22,474),(8,475),(17,475),(17,476),(4,477),(23,477),(24,477),(6,478),(2,479),(14,479),(28,479),(30,479),(2,480),(3,480),(22,480),(25,480),(5,481),(15,482),(26,482),(30,482),(14,483),(15,483),(16,483),(22,483),(23,483),(19,484),(2,487),(28,487),(8,488),(9,488),(12,488),(18,488),(28,488),(8,489),(17,489),(22,489),(7,490),(9,490),(20,490),(23,491),(2,492),(12,492),(8,493),(22,493),(30,493),(23,494),(26,494),(28,494),(1,495),(21,495),(3,496),(9,496),(14,496),(17,497),(1,498),(23,498),(5,499),(23,499),(14,500),(26,500);
/*!40000 ALTER TABLE `playlisttrack` ENABLE KEYS */;
UNLOCK TABLES;

--
-- Table structure for table `track`
--

DROP TABLE IF EXISTS `track`;
/*!40101 SET @saved_cs_client     = @@character_set_client */;
/*!50503 SET character_set_client = utf8mb4 */;
CREATE TABLE `track` (
  `TrackId` int NOT NULL,
  `Name` varchar(200) CHARACTER SET utf8mb3 COLLATE utf8mb3_general_ci NOT NULL,
  `AlbumId` int DEFAULT NULL,
  `MediaTypeId` int NOT NULL,
  `GenreId` int DEFAULT NULL,
  `Composer` varchar(220) CHARACTER SET utf8mb3 COLLATE utf8mb3_general_ci DEFAULT NULL,
  `Milliseconds` int NOT NULL,
  `Bytes` int DEFAULT NULL,
  `UnitPrice` decimal(10,2) NOT NULL,
  PRIMARY KEY (`TrackId`),
  KEY `AlbumId` (`AlbumId`),
  KEY `MediaTypeId` (`MediaTypeId`),
  KEY `GenreId` (`GenreId`),
  CONSTRAINT `track_ibfk_1` FOREIGN KEY (`AlbumId`) REFERENCES `album` (`AlbumId`),
  CONSTRAINT `track_ibfk_2` FOREIGN KEY (`MediaTypeId`) REFERENCES `mediatype` (`MediaTypeId`),
  CONSTRAINT `track_ibfk_3` FOREIGN KEY (`GenreId`) REFERENCES `genre` (`GenreId`)
) ENGINE=InnoDB DEFAULT CHARSET=utf8mb4 COLLATE=utf8mb4_0900_ai_ci;
/*!40101 SET character_set_client = @saved_cs_client */;

--
-- Dumping data for table `track`
--

LOCK TABLES `track` WRITE;
/*!40000 ALTER TABLE `track` DISABLE KEYS */;
INSERT INTO `track` VALUES (1,'Test good production',64,5,9,'Brianna Patel',303847,7757320,1.25),(2,'Board person particularly pressure',59,4,3,'Stephanie Hogan',318095,8850838,1.93),(3,'Education perform west least',98,3,14,'Alexis Thornton',282828,2066427,1.49),(4,'Rate land plan',43,2,15,'Jennifer Walker',231354,6485408,1.41),(5,'Approach form loss',80,4,14,'David Savage',294966,8364764,1.63),(6,'Life term money',44,6,7,'Kelly Mccoy',252024,3692663,1.75),(7,'Expert wife',85,3,2,'Richard Smith',263603,4171281,1.60),(8,'Perhaps just',114,5,13,'Kristen Suarez',307406,3452785,0.88),(9,'Purpose administration there',38,5,1,'Johnathan Myers',255655,7114873,1.85),(10,'Great fish',32,3,15,'Lisa Riley',313285,3563978,1.70),(11,'Stuff election',77,5,11,'Brian Duke Jr.',210057,3768939,1.37),(12,'Play represent',108,4,4,'Emily Miller',302747,3701148,1.97),(13,'History while mouth',23,5,8,'Amanda Stewart',289963,2114603,0.91),(14,'Hot good',145,5,13,'Holly Bond',286816,5893872,0.92),(15,'Population even step',71,2,14,'Sara Hill',307701,5999051,1.36),(16,'Whether paper',105,2,14,'Matthew Alexander',282584,4701711,1.70),(17,'Animal church hair',1,6,10,'Shannon Rivera',337738,7685079,1.05),(18,'When Republican TV',144,4,10,'Lindsay Kramer',287355,8434960,0.94),(19,'Doctor get',142,1,11,'Melissa Washington',347352,4073161,1.95),(20,'Evidence crime throughout',108,5,15,'David Nelson',302462,6926253,1.26),(21,'Still present list',37,2,13,'Juan Le',207784,3530760,0.88),(22,'Parent up',85,6,5,'Jermaine Brown',347121,2272453,1.73),(23,'Where apply',26,3,9,'Jonathan Lawson',221759,4142526,1.66),(24,'Finish make',125,4,5,'David Walker',288016,2205707,1.16),(25,'Character thing agree',142,6,4,'Kim Farrell',241066,5232128,0.76),(26,'Direction style',138,4,11,'Katie Williams',272139,3010515,1.12),(27,'Bad sing degree offer',55,4,2,'Patrick Craig',195788,7672479,1.30),(28,'Over',2,5,9,'Jessica King',263749,6771725,0.99),(29,'Sport try',33,6,11,'Michael Thompson',294213,4414441,1.93),(30,'Federal into share',66,4,7,'Tammy Downs',333292,7250169,1.82),(31,'Matter become add',128,5,6,'Joseph Anderson',196598,4755220,1.48),(32,'Along eye information',105,4,3,'Mr. Richard Sexton',348895,3913008,0.80),(33,'Minute organization',41,4,11,'Logan Mcdonald',317950,5195688,1.53),(34,'Past training central',77,3,5,'Tammy Miller',256763,8017731,0.91),(35,'Talk author require',54,4,9,'Kimberly Wilson',319649,5526687,1.49),(36,'Next benefit accept',150,5,6,'Anthony Hudson',187881,3876475,0.73),(37,'Leg level thing',68,4,7,'Barbara Zhang',284235,2885145,1.09),(38,'To relate really',55,5,14,'Lisa Cooper',257849,2517436,1.88),(39,'Will again pattern',60,6,10,'Elizabeth Ibarra',225590,6486219,1.86),(40,'Medical amount who network',113,4,2,'Timothy Tran',298874,7217868,1.86),(41,'About green buy',63,2,13,'Kayla Garza',202022,3015760,1.90),(42,'Particular expert realize',104,2,9,'Jamie Rodriguez',245183,7952011,1.62),(43,'Congress outside rate well',103,4,14,'Heather Best',218189,3044947,1.79),(44,'Over several concern',46,5,11,'Alyssa Strong',281549,3096342,1.36),(45,'Evening clear more',4,2,1,'Jamie Riley',186889,5870466,0.92),(46,'Range Congress morning health',5,6,7,'Robert Maxwell',282634,8308980,1.67),(47,'And finally rate',30,6,4,'Dr. Neil Crane MD',216669,5569504,0.70),(48,'Well south it',71,5,5,'Joseph Griffin',335999,2878301,1.03),(49,'Watch fall above',30,6,12,'Vincent Hodges',185345,6956593,0.79),(50,'Feel space',126,3,12,'Shannon Weaver',180548,6666231,1.40),(51,'Fly firm teach',109,5,1,'Michael Medina',351665,5865668,1.50),(52,'Music approach smile',68,6,10,'Krista Christensen',343225,5068555,0.80),(53,'Red series test',69,6,11,'Rita Sloan',301274,5186397,1.04),(54,'Camera dinner be',31,6,3,'Yvette Munoz',328969,4164246,1.91),(55,'Indeed last',45,2,5,'Maria Fletcher',325636,8594265,1.02),(56,'Check check',66,4,11,'Sara Neal',319274,5750622,1.27),(57,'Pressure environmental situation',113,5,12,'Jessica Edwards',276168,3503269,1.30),(58,'Pretty late',93,3,15,'Preston Hickman',269289,6485430,1.84),(59,'Sure report response',94,5,10,'Peter Rich',293841,8696800,0.93),(60,'Why seat moment',50,4,8,'Mary Williams',237950,8219739,1.30),(61,'Seven tonight enter',119,6,8,'Michelle Gonzalez',295473,6916854,0.75),(62,'Prove word method',29,3,8,'Katrina Gomez',357644,5290264,0.93),(63,'Dog tough between',128,2,2,'Jill Carpenter',270831,5318045,0.93),(64,'Girl find',46,3,1,'Lauren Thompson',316934,3092427,0.74),(65,'Shoulder we',38,4,13,'Kenneth Roberts',297271,6582700,1.39),(66,'Gas',142,4,1,'Richard Cohen',220368,8622852,1.25),(67,'Chair board prove',121,1,13,'Brett Villegas',310605,5314893,1.19),(68,'Apply book manage',139,1,2,'Mr. Joshua Mcmillan',310222,3319007,1.32),(69,'Wish long',122,4,1,'John Harmon',299792,5380735,1.47),(70,'Sell who society our',139,6,12,'Karen Evans',221677,7512400,1.33),(71,'Show carry',135,2,3,'Karen Smith',308357,4419763,1.72),(72,'Me think',80,4,7,'Christopher Marquez',228891,3793811,1.90),(73,'Moment practice',118,2,15,'Erica Moran',185165,5659603,1.63),(74,'Work amount do',16,1,9,'Janet Robinson',291739,7339233,1.41),(75,'Spring issue',95,3,11,'Lisa Taylor',321357,5454297,1.14),(76,'Late',11,2,12,'Joseph Smith',354990,6510219,1.13),(77,'West off',131,5,5,'James Torres',191017,2750067,0.85),(78,'Rule why',10,2,13,'Clifford Lyons',216092,5949720,1.35),(79,'So minute commercial',144,4,2,'Christopher Morris',244322,7833117,1.07),(80,'Goal performance interesting',89,2,11,'Danny Summers',312139,4767736,1.59),(81,'On lawyer last',130,2,9,'Manuel Phillips',315773,4777075,1.53),(82,'Send move all',46,1,2,'Joel Martin',185933,3461855,0.81),(83,'Last try',78,1,10,'Matthew Jones',304568,6918399,0.91),(84,'Indeed make',32,3,11,'Samuel Alexander',192043,7238398,0.97),(85,'Owner game than',1,6,9,'Bobby Ferguson',204607,2784528,1.75),(86,'Sea both design',107,6,4,'Mrs. Valerie Thomas',299885,2722701,0.89),(87,'The body',112,2,6,'Melissa Curry',245602,2823426,0.75),(88,'Paper nice one',91,2,3,'Julie Shaw',292402,7034867,0.76),(89,'Listen',12,2,2,'Sheila Donovan',207864,2486524,0.76),(90,'Theory weight generation',42,5,8,'Destiny Taylor',320155,2898532,1.74),(91,'Appear resource draw',137,6,8,'Corey Conway',209193,8762556,0.76),(92,'Mean move',121,5,9,'Jessica Sexton',249614,3171075,1.43),(93,'Purpose far bed',59,4,1,'Kyle Hall',305862,3510747,1.80),(94,'Wind treat model value',76,6,12,'Matthew Smith',257115,7762056,0.75),(95,'Land explain',133,4,8,'Erik Burns',285415,3374295,1.21),(96,'Control radio',26,2,3,'Leslie Smith',258250,3489754,1.04),(97,'Despite',129,2,13,'Jesse Quinn Jr.',331612,6389942,1.16),(98,'Contain must especially',93,1,12,'Tammy Potter',201133,8420382,1.11),(99,'Office everybody',11,6,6,'Christina Mitchell',235911,4810196,1.33),(100,'Player language',117,1,13,'Kathleen Schmidt',183533,7028627,1.51),(101,'Production red',138,2,15,'Dennis Mitchell',280680,3584810,1.78),(102,'Rather bit amount',67,2,5,'Daniel Dennis',318146,7878315,1.71),(103,'Positive interview',132,3,11,'William Yoder',195465,2278513,1.07),(104,'Here one',111,4,3,'Ryan Gardner',314811,3269557,0.96),(105,'Agreement specific trade',25,5,9,'Craig Copeland',353868,6646193,1.70),(106,'Responsibility begin',143,3,12,'Eric Harris',244703,8417757,1.04),(107,'Thousand visit',116,4,11,'Debra Hubbard',256636,3080085,1.14),(108,'Perhaps remain statement',111,2,9,'Mrs. Shannon Green',345607,7494629,1.78),(109,'Since candidate',13,5,9,'Sara Martin',206877,2716917,1.38),(110,'Wind arrive',148,4,8,'Lisa Harrington',279551,8400165,0.75),(111,'Agreement want industry',11,2,3,'Joseph Thomas',347748,6583947,0.93),(112,'On',65,5,12,'Valerie Spencer',291744,7262319,1.34),(113,'Institution able among',90,4,5,'Renee Patel',184257,4382777,0.94),(114,'Up land choice nearly',34,6,8,'Lisa Duran',251005,6723838,1.68),(115,'Blood view firm',48,3,3,'Gary Bradley',285386,7006385,1.14),(116,'Final pattern',22,5,9,'Michael Wright',264316,2438947,1.06),(117,'White city letter guy',57,5,3,'Stephen Johnson',192385,2883094,0.77),(118,'Situation letter wrong',136,1,1,'Sarah Leblanc',308760,3226390,0.89),(119,'Detail city cause',114,1,3,'Karl Hamilton',285685,6250633,0.73),(120,'Close president everyone',5,5,14,'Bobby Gutierrez',256309,4219632,1.75),(121,'Across month shake',81,1,11,'Robert Evans',358596,8210208,0.88),(122,'Kitchen leave step',33,2,1,'Nicole Richardson',257406,3585142,1.60),(123,'Perhaps study',63,4,1,'Linda Johns',264294,7861441,1.61),(124,'Social',136,1,3,'Vincent Rocha',241462,5543485,1.66),(125,'Head your including',5,6,1,'Ronald Torres',245559,6602897,1.10),(126,'Environmental region care',93,4,3,'Monica Klein',247446,7700583,1.13),(127,'Help opportunity learn',104,6,5,'Alexander Turner',202876,4479058,1.30),(128,'Director view unit',32,1,14,'Karla Johnson',323942,4479755,1.35),(129,'Record every',28,3,15,'Emily Snow',352069,5442649,1.43),(130,'A teacher',97,6,6,'Rick Parker',350338,4605394,1.08),(131,'Second',117,4,2,'Kristina Ryan',304401,4769217,1.89),(132,'Use get maybe',66,6,8,'Corey Mckee',313123,5869868,1.06),(133,'And organization arrive',144,4,10,'Amy Proctor',279990,2236545,1.38),(134,'Step contain',114,6,13,'Kelly Baldwin',288350,7409319,1.95),(135,'Remember mean rather',83,6,11,'Ashley Campbell',332151,3958573,1.90),(136,'Politics test than',109,1,1,'Sarah Lara',270817,4421404,0.74),(137,'Job lead early',13,3,3,'Paula Nguyen',313407,7157433,1.55),(138,'Girl rich operation',132,4,1,'Jonathan Johnson',324895,4103735,1.38),(139,'Vote',126,1,4,'Dr. Scott Richard',290860,6138606,1.19),(140,'Change character always',67,6,9,'Lindsey Weaver',209544,4146066,1.32),(141,'Series early political',10,6,1,'Kathy Richard',351687,2377419,1.50),(142,'Letter anyone',107,4,8,'Julie Myers',257913,3802818,0.80),(143,'During allow bar customer',113,1,7,'Elizabeth Holland',213944,2030163,0.77),(144,'Claim network',22,5,2,'Shannon Burton',291429,7333712,1.08),(145,'Example rock style',106,6,10,'Rebecca Hall',234606,8186191,1.19),(146,'Choose none type',7,6,8,'Kenneth Contreras',272520,5431631,1.49),(147,'Author team special',103,6,7,'Lawrence Bennett',230455,2205323,1.00),(148,'Myself city brother',31,5,6,'Jenny Lewis',272958,8977435,1.79),(149,'Clearly sing',71,2,15,'Paige Mcpherson',331744,3702349,1.67),(150,'Office commercial',40,2,14,'Margaret Williams',203022,5578542,1.45),(151,'From',39,2,10,'Kim Ibarra',196164,3366175,1.07),(152,'Majority',117,2,6,'Gregory Moore',297816,5192545,1.07),(153,'Deep fall',5,2,1,'Dawn Christensen',222120,2015236,0.81),(154,'Room those bit save',106,3,14,'Marc Tran',260225,3857459,1.39),(155,'Long image upon',67,4,13,'Rachel Thompson',206401,8365116,1.64),(156,'Hot spring director',136,3,1,'Robert Murphy',276322,3346218,1.52),(157,'Green view ever',117,3,10,'Anthony Gonzales',195031,7856304,1.92),(158,'On environmental',92,2,10,'Taylor Brown',306426,8302207,1.34),(159,'Style year',75,6,2,'Dean Cardenas',277471,6983869,0.98),(160,'Reduce since possible',14,4,6,'Thomas Hampton',325738,3572409,1.51),(161,'Few free free behind',128,2,10,'Lisa Alexander',211912,5659984,1.78),(162,'Worry sign those',118,3,5,'Jessica Brown',304808,3872977,1.73),(163,'Build commercial',93,2,14,'Mckenzie Armstrong',211513,3944623,1.33),(164,'Size increase',1,1,14,'Devin Robinson',252121,8216934,1.30),(165,'What give yet',64,1,14,'Melvin Clark',357296,5173534,0.93),(166,'Subject voice',60,2,9,'Louis Sutton',251154,5031879,1.11),(167,'Blue',13,1,10,'Allison Marshall',313065,3457276,1.44),(168,'Artist explain',21,5,13,'Kelly Jackson MD',226472,8493882,1.70),(169,'Morning around',59,3,8,'Gary Scott',349773,3548335,1.21),(170,'Stand analysis',75,4,8,'Bianca Hall',294309,3762157,1.56),(171,'Music gun',140,6,14,'Steven Palmer',300659,3160355,0.84),(172,'View explain big',125,4,8,'Emily Mahoney',331585,6354082,1.91),(173,'Owner young billion',123,3,11,'Mark Wright',247252,4168116,1.07),(174,'Order fact woman',110,6,15,'Mr. Richard Wells',186246,2829540,1.68),(175,'Almost relate drug',67,1,13,'Patricia Hernandez',340374,5075857,1.76),(176,'Return meet any through',123,6,2,'Christopher Jones',334042,6237793,1.98),(177,'Most',119,3,13,'Cody Jackson',194846,8636508,1.77),(178,'Well second add',136,5,6,'Benjamin Fox',209270,2830667,1.02),(179,'Hope table long',54,3,7,'Kimberly Fuller',287286,5766993,1.48),(180,'Early end will',25,1,12,'Jason Jones',214428,6174113,1.44),(181,'Debate foot',84,2,14,'Brittany Landry',344274,7982811,0.99),(182,'If few final',40,3,8,'Christine Collins',252918,2523845,1.85),(183,'Record also',8,5,10,'Tracy Copeland',193298,5559718,1.10),(184,'Star discuss',119,6,8,'Diane Smith',344086,4297854,0.76),(185,'Dog only cover',109,6,10,'Crystal Wilson',264979,7876901,0.99),(186,'Just put',87,6,3,'Samantha Clark',294592,8381104,1.97),(187,'Worry wind budget',4,2,14,'Jocelyn Smith',315809,6835859,0.94),(188,'Whether',55,3,12,'Gary Berry',269267,3399105,1.03),(189,'Tell machine',40,1,12,'Michelle Hurst',227424,6875981,1.91),(190,'Fact explain',12,6,4,'William White',240105,7577950,0.99),(191,'Its hard',10,2,14,'Beverly Strong',305109,5109570,1.59),(192,'Get animal long',142,6,2,'Nathaniel Sweeney',207730,5660134,1.44),(193,'Let both',82,6,13,'Stacy Rose',319498,2188188,0.72),(194,'Nature future',59,1,14,'Andrew Evans',304719,5681319,1.44),(195,'Budget worker artist',134,1,3,'Carrie Robinson',203605,5259623,1.34),(196,'Drop everybody class',14,4,1,'Katie Wright',215989,6708454,1.54),(197,'Help action',87,5,5,'Maria Jordan',193603,7680890,1.83),(198,'Media never',1,4,5,'Dan Mcmillan',254856,2780790,1.62),(199,'Together result prevent',10,6,7,'Troy Daniel',325092,6238869,1.85),(200,'Into attention',84,2,15,'Paul Savage',344420,5188417,1.16),(201,'Follow culture',48,3,12,'Mark Ayala',214200,2700529,1.64),(202,'He ready',69,4,5,'Shannon Oconnor',339236,8340042,1.84),(203,'Born good research',125,2,8,'Kathryn Browning',251202,4004843,1.38),(204,'Travel share',15,3,2,'Laura Vasquez',276251,2408004,1.33),(205,'Some month wait',102,2,7,'Brandon Winters',183794,3311201,1.32),(206,'Part draw',137,2,14,'Ashley Diaz',221593,3547254,0.84),(207,'Stay',39,5,6,'Tony Gallagher',289363,4690327,1.63),(208,'Indicate personal',104,1,5,'Aaron George',288292,4898541,1.47),(209,'Care',136,1,14,'Bryan Graves',224051,4539388,1.52),(210,'Recent everybody book shake',140,3,2,'Adam Patel',205413,8989111,1.40),(211,'Reason work pull',78,6,8,'Gina Collins',340679,5740907,0.76),(212,'Growth back',84,2,8,'Kent Schmitt',206624,6188154,1.68),(213,'Series so',145,1,14,'Colleen King',240732,7280940,1.17),(214,'Check nearly',24,1,1,'Erica Dixon',294423,6090847,1.22),(215,'Guess think',116,1,11,'David Hall',261881,3526651,1.16),(216,'Argue here',70,1,10,'Edward Stevenson',336387,4693559,0.77),(217,'Speech when his',46,4,2,'Heather Harris',252570,4400058,1.59),(218,'Yourself whatever speak',26,5,7,'Jennifer Hoover',262753,8914981,1.42),(219,'Security',71,1,7,'Chad Garcia',305061,6673664,1.36),(220,'Company key television',13,4,15,'Jessica Mills',327606,3630100,1.74),(221,'Song change tend',100,4,6,'Robert Osborne',297111,2612332,0.98),(222,'Assume coach available',32,6,8,'Beth Delacruz',336843,4381006,1.08),(223,'Product spring',141,4,9,'John Thompson',189024,8885899,0.89),(224,'Administration stock',39,3,11,'Natalie Walker',193385,6192407,0.81),(225,'Though',46,5,11,'Tammy Mays',269960,4554843,1.32),(226,'Live how',53,1,8,'Blake Smith',348885,7062616,1.33),(227,'Place cost capital ability',63,5,10,'Maurice Mcdaniel',240464,8834651,0.89),(228,'Chair true anyone',64,5,12,'Rachel Ho',323065,8329160,0.75),(229,'Middle since',58,1,14,'Jeremy Dickerson',297335,8105329,1.08),(230,'Central or something',52,4,15,'Andrea Benson',326543,5819444,1.87),(231,'Election low',58,5,4,'Adriana Conrad',291545,2378106,1.18),(232,'Away create here',72,6,1,'Alyssa Suarez',244108,2656374,1.52),(233,'Gun suggest',85,1,14,'Wendy Bolton',192201,3439197,1.60),(234,'Firm color',150,2,5,'John Myers',293537,6758918,1.83),(235,'Cover follow travel',82,1,12,'David Cline',193707,8995175,1.46),(236,'Maintain discussion stand',23,2,11,'Ashley Hill',332124,5924616,1.90),(237,'Discuss hear either once',101,4,12,'Thomas Johnson',272296,4864262,1.82),(238,'Since',22,2,8,'Jose Miller',228423,5274140,0.85),(239,'Level when campaign',82,2,14,'Whitney Campbell',300490,2381403,1.05),(240,'Reason star',104,6,2,'Carol Knight',344541,8290452,0.74),(241,'Garden study',41,6,5,'Natalie Hawkins',303328,6513428,1.99),(242,'Receive',133,2,8,'Curtis Pearson',314636,5573716,1.49),(243,'Practice become',3,6,14,'John Hurley',280811,4190285,1.17),(244,'Fish knowledge',8,2,6,'Marcus Hebert',302108,6815574,0.78),(245,'The yard',138,1,10,'Rachel Martinez',356179,8362397,1.36),(246,'Start lay cover',20,6,4,'David Howard',233159,7943901,1.55),(247,'Of according',142,4,3,'Robert English',260205,3499986,1.02),(248,'Class sea world',129,5,8,'Amy Norman',219857,7178717,1.36),(249,'Property door',77,3,3,'Douglas Riley',317914,8297878,1.01),(250,'Team street use few',125,2,10,'Garrett Morgan',344014,7758565,1.07),(251,'Wide five free',20,5,1,'Matthew King',284684,2892196,0.76),(252,'Firm expert street',14,2,12,'Lauren Heath',256065,2412485,0.92),(253,'Success surface quickly course',5,1,8,'Julia Sanders',299552,8745617,1.29),(254,'Strong music team',46,4,14,'Scott Goodman',200126,8450579,1.86),(255,'Laugh economy up could',133,5,1,'Susan Garcia',257707,6184494,1.38),(256,'Decade hear performance increase',146,2,3,'Adam King',269788,4635979,0.70),(257,'Official benefit science',150,4,14,'Tina Howard',255593,4947537,1.31),(258,'Mention manage else',48,6,14,'Scott Anderson',225806,7962750,1.32),(259,'Throw police',56,4,4,'Jennifer Hill',182639,6748744,1.51),(260,'Have fall',31,5,6,'Sarah Molina',358584,4759981,1.54),(261,'Face exist',79,4,11,'Stacey Williams',306160,5035006,1.97),(262,'Magazine catch',144,1,15,'William Weaver',249278,3993980,0.73),(263,'Like American',81,1,5,'Kimberly Kirby',278523,2005471,1.83),(264,'Energy ability tough economic',123,1,1,'Heather Roth',250670,6154078,0.93),(265,'Medical receive along policy',116,5,10,'Diane Houston',343126,6069120,1.21),(266,'Throw than tree',83,6,2,'Randy Marquez',348766,6247414,1.30),(267,'Pick impact',42,5,14,'Kathy Brown',214344,3177660,1.98),(268,'But',77,2,1,'Janet Simpson',291748,6109712,1.59),(269,'Their wait growth',56,6,9,'John Manning',258593,7281569,1.28),(270,'Improve ok',86,6,6,'Brenda Rogers',289086,3863487,1.00),(271,'Story technology building whatever',24,1,12,'Julia Mathews',269227,6642170,1.09),(272,'Officer support suffer',142,1,6,'Mary King',320797,8138260,0.76),(273,'Owner it',11,5,4,'Peter Williamson',353786,5373076,1.12),(274,'Student material however chance',43,3,2,'Rebecca Mullen',290816,2049177,1.65),(275,'Enjoy imagine answer dream',128,2,14,'Brooke Duke',192750,3042259,1.97),(276,'Hear hard',42,5,15,'Whitney Russell',189288,3379254,1.31),(277,'Message despite',143,5,11,'Desiree Franco',227297,4240447,1.37),(278,'Natural use read minute',82,3,8,'Sarah Mitchell',237503,3544243,1.23),(279,'Ten how',60,6,1,'Jacqueline Torres',215842,7593974,1.34),(280,'Future it',116,3,5,'Aaron Morton',321761,6892168,1.01),(281,'Wrong address',20,1,10,'Melissa Moore MD',306831,5621661,1.77),(282,'Middle',9,3,9,'Alexis Castro',211320,4295162,1.07),(283,'Open these',91,4,3,'Joel Peters',352207,6712060,1.68),(284,'Always student',36,5,8,'Aaron Herrera',347406,3835666,0.84),(285,'According coach',18,1,7,'Wendy Parker MD',358117,8575683,0.73),(286,'Teach south those',148,3,8,'Cynthia Moore',316240,4357531,1.80),(287,'Seat success total',80,5,2,'Anthony Adams',276354,5438885,0.82),(288,'Else way',133,3,4,'Alan Macdonald',278735,2020328,0.74),(289,'Painting his along',66,6,1,'Elizabeth Garza',356579,8889535,1.95),(290,'Social authority',47,2,5,'Steven Cunningham',313478,2562726,1.28),(291,'Example real',136,3,12,'Kevin Harmon',188822,3980426,1.98),(292,'Field indicate leave read',59,2,12,'Calvin Webb',273026,3862326,0.75),(293,'Green animal your',105,6,9,'Felicia Moody',221766,8049009,1.16),(294,'Media finish traditional',150,3,4,'Joseph Snyder',241262,2171904,0.79),(295,'Wide enter box',106,6,8,'Ryan Nguyen',346700,6355198,1.17),(296,'Nature line and',17,6,12,'Chelsea Michael',220749,8595659,1.93),(297,'Deep natural',41,1,11,'Scott Thompson',279672,2977980,1.83),(298,'Kitchen note',149,3,4,'Katherine Harris',279548,5595222,1.09),(299,'Later seem huge',63,1,1,'Justin Graves',302410,4041522,1.59),(300,'Source agency than',111,4,13,'James Stephens',192282,7362984,1.58),(301,'Special even',67,6,1,'Jessica Burke',302905,3068888,0.92),(302,'Fall',43,2,13,'Dennis Gonzalez',193751,8989828,1.89),(303,'Again use kid',26,4,5,'David Ramirez',307848,2372835,1.74),(304,'Speech that never',102,1,15,'Ryan Carter',306694,8981082,0.87),(305,'Move break',25,5,14,'Shelly Yang',317424,2844256,1.24),(306,'Director will',148,2,15,'Mr. Donald Jones',305139,8955019,1.27),(307,'Bring science task third',103,4,13,'Edward Bates',343299,4201859,1.21),(308,'Risk when',24,4,6,'Mr. Michael King',263599,7396654,0.94),(309,'Yard war',45,3,5,'Chelsea Williams',219094,8390279,0.99),(310,'On computer',14,6,14,'Amber Zuniga',280758,2112295,1.08),(311,'End clearly structure',32,4,9,'Catherine Davis',327702,6460490,1.32),(312,'Three woman check',106,5,8,'Erica Clark',318639,4853717,0.85),(313,'Toward somebody imagine',100,5,11,'Martin Abbott',186413,7245704,1.15),(314,'Low heart middle until',76,3,15,'Marissa Walker',245035,7123054,1.55),(315,'Cover move company',89,3,1,'Franklin Chandler',319071,6073015,1.74),(316,'Pm difference',116,1,11,'Alicia Edwards MD',210327,7146763,0.98),(317,'Range level lose',84,2,1,'Cynthia Brown',254430,3936998,1.59),(318,'Share it',144,4,9,'Lauren Smith',279496,2482661,1.69),(319,'Mr possible',111,5,15,'Lauren Phillips',203862,8915510,1.61),(320,'Against add',54,3,11,'Amber Bradshaw',204869,3444784,1.56),(321,'Else buy boy',79,4,15,'Mary Carpenter',324732,4372530,1.51),(322,'Instead draw',112,2,8,'Keith Li',321527,4453414,1.11),(323,'Available hit analysis benefit',20,6,4,'Brian Johnson',214467,3349060,1.52),(324,'Church bring success',23,4,15,'Jillian Lara',336006,7889933,0.95),(325,'Popular movie',48,3,7,'Allison Miller',309290,6433571,1.47),(326,'Design such',60,5,9,'Nichole Gonzales',284723,3963389,1.59),(327,'Her continue each',55,1,7,'Anthony Parker',186077,4869757,1.66),(328,'Level or accept',51,1,2,'Lisa Malone',272962,7686598,1.41),(329,'Somebody day realize',86,5,2,'Ruben Bryant',281013,4752403,1.15),(330,'Answer talk media',94,4,8,'Antonio Chapman',205349,3448466,0.94),(331,'Art budget dinner',109,2,12,'Christine Miller',255146,5124604,1.23),(332,'Book use reflect environment',111,2,14,'Carrie Webb',351247,3583310,1.43),(333,'Available institution',32,5,4,'Alyssa Johnson',302148,2644576,1.15),(334,'Time building',74,3,5,'Jason Floyd',311418,2074859,0.73),(335,'Walk will air',97,4,9,'Kayla Ramirez',263693,3094241,0.79),(336,'Good letter',23,1,8,'Paul Sharp',232031,4078413,1.34),(337,'End leader',20,4,14,'Antonio Richards',214045,5439989,1.85),(338,'Life',149,6,6,'Jonathan Nelson',207363,7366099,1.82),(339,'When message',30,5,10,'Kathryn Lambert',231136,4980580,0.74),(340,'Catch',29,6,8,'Mary Moran',274423,4273793,1.17),(341,'Situation',66,4,5,'Daniel Tran',212049,2376867,0.72),(342,'Apply scientist',111,6,6,'Benjamin Johnson',268370,3456485,1.71),(343,'Seem current',69,5,12,'Cameron Stafford',304852,4465833,0.73),(344,'Then behavior',109,5,13,'Dr. Robert Cummings MD',258723,5559149,1.44),(345,'Coach two',56,2,3,'Jerry Willis',257204,2222380,1.32),(346,'Network evidence',119,1,13,'Carol Valdez',276378,6782696,1.54),(347,'Month whatever',141,5,7,'Russell Dillon',346917,7731869,1.67),(348,'Act get energy',122,6,8,'Bradley Johnson',337429,7426848,0.87),(349,'Walk military short',37,5,1,'Taylor Obrien',335706,7920381,0.73),(350,'Bed tell system',147,1,10,'Kelli Campbell',310058,3534932,1.84),(351,'Technology identify establish',117,6,12,'Jennifer Anderson',342570,7159509,1.66),(352,'Turn trial',84,5,8,'Dana Gonzales',330758,7038217,1.27),(353,'Catch guy',52,1,13,'Tonya Mcconnell',199764,2599885,1.59),(354,'Sister nice could',122,3,2,'Ryan Reid',284458,6175445,0.91),(355,'Kind another',134,6,2,'Sara Morgan',341990,4906453,1.72),(356,'Born especially',149,2,6,'Shane Rivera',198544,8813711,1.34),(357,'His move',20,5,14,'Renee Meyers',198293,3802998,1.17),(358,'Director sport',84,4,6,'Brandy Clark',297190,5184419,0.84),(359,'North east',37,3,1,'Jonathan Lee',212262,4075556,1.05),(360,'Station think serve',68,4,8,'Zachary Beltran',192833,3121267,1.46),(361,'Guy side lot',20,4,2,'Amanda Zimmerman',225640,5829218,1.24),(362,'Leave test age',55,3,14,'Jennifer Lewis',218566,3668610,1.38),(363,'Market war',81,6,4,'Ryan Green',307038,8576106,0.81),(364,'Hard PM deep',55,6,6,'James Reeves',348268,7767198,1.74),(365,'Figure protect',47,1,3,'Christopher Thompson',221239,4093745,1.92),(366,'Business address',106,2,4,'Andrew Leon',302169,8888252,1.83),(367,'Loss',34,2,9,'Stephanie Rivera',345168,7986337,1.16),(368,'Agree color rather',98,2,7,'Colton Stafford',355953,6567311,1.15),(369,'Throw send operation',139,2,8,'Carrie Phillips',224321,4999876,1.50),(370,'Short year leg',49,5,2,'Rachel Cain',278575,3899636,1.61),(371,'Card hair',88,6,9,'Robin Ford',344834,7651522,0.93),(372,'Turn hope',115,2,5,'Toni Christian',264757,5979197,1.56),(373,'Against let',119,3,2,'Elizabeth Pratt',223953,2947271,1.68),(374,'Different outside model',97,5,12,'Sara Wilkins',284022,4917527,1.15),(375,'Tell six can',75,5,9,'Kristen Kline',284302,7313915,0.72),(376,'Book report large trade',54,5,15,'Diane Clark',219656,4591121,0.80),(377,'Market site',25,5,4,'Richard Christensen',345079,7939329,1.38),(378,'Condition gas',9,2,12,'Teresa Ramirez',349189,6234135,1.21),(379,'Letter between',146,1,7,'Thomas Rodriguez Jr.',201373,3517613,0.78),(380,'Court according',123,5,7,'Whitney Gonzales',232925,8789396,1.67),(381,'Why economic affect',121,5,2,'Kimberly Higgins',354757,3350084,1.07),(382,'Church movement forward',52,3,12,'Cody Ingram',356481,2802616,1.09),(383,'My safe white',12,4,12,'Carol Lee',244784,2395177,1.79),(384,'Sea traditional become',24,6,9,'Deborah Williams',354186,7178437,1.96),(385,'Court',16,1,11,'Amanda Bell',275886,6343272,1.53),(386,'Safe central drop',60,2,9,'Tammy Woods',285891,6135781,1.25),(387,'Red technology specific',91,2,12,'David Bowen',271432,8468234,1.92),(388,'Yard fly same small',56,3,9,'Curtis Lawson',191045,2571427,1.48),(389,'Letter enjoy',128,5,10,'Kelly Rasmussen',356553,2932623,1.03),(390,'Both remember bad second',138,3,7,'Ashley Scott',285019,5489264,1.55),(391,'Alone pull',11,1,12,'Michelle Smith',313841,5170271,1.84),(392,'Listen mind job',4,3,13,'Charlene Nunez',238346,4311430,1.63),(393,'With',124,6,8,'Holly Best',237051,7836111,1.90),(394,'Sell traditional defense',80,4,10,'Emily Smith',279105,3678565,1.81),(395,'Detail short maintain college',94,1,2,'Joe Parker',199484,4300967,1.03),(396,'Civil meet anyone',60,1,8,'Melanie Castro',321507,3872978,0.95),(397,'Film week',102,3,13,'Donna Mercado',274984,5816544,1.07),(398,'With',47,2,15,'Jennifer Leonard',351926,2819848,1.64),(399,'Someone inside relationship',45,6,14,'Susan Clarke',343512,8075910,1.80),(400,'Above people',72,5,2,'Diana Wu',261661,5429041,1.88),(401,'Hear to',33,3,5,'Aaron Kennedy',318443,4824098,1.98),(402,'Yard mother',55,1,12,'Jessica Chang',294049,7825731,1.74),(403,'He ever reach',31,6,5,'Karl Kerr',253475,8070786,1.49),(404,'Because energy attack',87,1,5,'Steven Martin',302363,8770293,1.33),(405,'Democrat move',84,5,6,'Dominique Knight',294145,5706967,1.73),(406,'Page',62,6,4,'Michael Beard',217546,6691963,1.82),(407,'Fine company challenge',123,6,6,'Sean Sullivan',203756,6174973,1.05),(408,'Eye clear worker',23,5,14,'Michael Burgess',234573,3467000,1.37),(409,'Action pretty',106,5,2,'Fernando White',232021,3849970,1.80),(410,'Dinner woman usually',42,6,13,'Laura Bell',282004,7875633,1.69),(411,'Argue candidate test',17,5,1,'Charles Davis',336368,3944842,1.77),(412,'Check message start',71,3,1,'Gregory Stewart',205631,6787567,1.28),(413,'Information information',22,1,9,'Lori Warren',336212,4401162,1.68),(414,'Less',7,6,13,'Lisa Smith',224739,7658325,1.68),(415,'Who',41,6,5,'Anne Taylor',331283,2503211,1.03),(416,'Main foot',16,2,11,'Joseph Arnold',265441,2641755,1.02),(417,'Garden pick minute discussion',136,2,7,'Timothy Barrera',199748,5049595,1.48),(418,'You single music',139,1,12,'Jeremy Blair',186960,8938561,1.02),(419,'Entire employee right',118,4,13,'Anna Garcia',259015,5099683,1.63),(420,'Between think theory',110,3,12,'Latasha Jones',222289,3624612,1.32),(421,'Major deep',49,5,12,'Chad Daniels',239807,2436203,0.92),(422,'Animal write notice positive',28,2,10,'Carrie Kennedy',302742,6512039,1.09),(423,'Soon style',53,2,11,'Rhonda Ortiz',182450,5345758,1.45),(424,'Yet people bill',84,4,8,'Amber Hughes',242542,4312550,1.69),(425,'Coach',140,2,11,'Megan Price',352232,3639052,0.82),(426,'Site media',123,6,10,'Shari Bradley',220512,3401842,1.78),(427,'Evening',130,1,14,'Nicholas Simmons',312355,3061260,0.99),(428,'Certain cover',141,5,13,'Nicholas Robinson',190194,7003247,1.23),(429,'Soldier',12,5,11,'Karen Clayton',301145,6177017,0.98),(430,'Then college',129,2,10,'Angela Cross',285188,6213882,0.81),(431,'Analysis security some',102,1,9,'Matthew Perry',214884,4366293,0.75),(432,'Road assume',18,2,8,'Joel Garrett',323433,4019171,0.84),(433,'Part grow meeting',114,3,4,'Brenda Weber',289264,6958086,1.93),(434,'Small determine size',82,4,2,'Christopher Hernandez',280061,5976548,1.36),(435,'Clear',44,2,5,'Sarah Harris',230168,2935654,1.71),(436,'Teacher night',98,6,1,'Richard Roberson',193571,8247545,1.52),(437,'Hope cover compare much',57,1,14,'David Foley',274265,3205073,1.45),(438,'Card floor father',88,5,12,'Gabrielle Owen',276986,6193294,0.78),(439,'Usually do',69,4,2,'Jennifer Griffin',329711,5704879,1.13),(440,'Care',42,2,1,'David Sellers',247713,3211648,1.43),(441,'Personal',35,2,11,'Christopher Ellis',333243,5540693,1.03),(442,'Study poor',69,3,1,'Rachel Coleman',192526,4637019,1.07),(443,'Force purpose must',130,6,11,'Samantha White',198744,3069017,0.84),(444,'Car may',10,3,14,'David Johns',211185,7086204,1.53),(445,'Fine officer push including',68,5,8,'Douglas Reed',288043,6410266,0.99),(446,'Century project eye',39,4,14,'Margaret Campbell',217500,6293323,1.55),(447,'Full',81,6,1,'Mario George',265619,3298276,1.38),(448,'Seem like indicate',48,5,5,'Kevin Sutton',301373,2186800,1.20),(449,'Enough',140,6,4,'Larry Allen',221342,2032284,1.21),(450,'Hard social',73,1,8,'Kristen Scott',294822,7549744,1.66),(451,'Particularly certain institution',9,1,4,'Christine Gutierrez',232172,2978939,1.71),(452,'Fall',3,2,15,'Gary Spears',230520,2802144,1.07),(453,'Take kitchen nothing',8,5,9,'Ralph Mclean',252500,7565493,0.77),(454,'Nation control participant',53,3,2,'Jennifer Harrison',199304,2521115,0.98),(455,'Middle only social',43,4,13,'Denise Pineda',229745,5762344,1.00),(456,'Station office',38,2,1,'David Morris',290625,5351372,1.27),(457,'Short nothing statement',67,2,15,'Thomas Owens',265169,8940725,1.62),(458,'Find themselves',97,4,5,'Ashley Robinson',299914,5778619,1.58),(459,'Return that radio',51,3,7,'James Farrell',198470,2833044,0.96),(460,'Interesting learn she',100,3,8,'Amy Mcdonald',204167,8264961,1.17),(461,'Certainly deep',98,4,6,'Paige Shaw',180867,2902526,0.86),(462,'Start someone speak',135,5,12,'Christina Harrison',305413,8856844,0.97),(463,'Station war',54,6,7,'Alyssa Booth',270020,7958017,1.63),(464,'Treat management',121,5,1,'Jerry Nash',185954,3108585,1.07),(465,'Before yeah',112,2,11,'Ann Morales',186875,5425897,0.79),(466,'Police challenge opportunity',130,4,3,'Sherry Ortiz',234163,8166071,0.78),(467,'Middle understand trial then',66,2,14,'Jennifer Johnson',302180,7168914,0.82),(468,'Energy',25,6,10,'Anthony Sanchez',242922,2949957,0.95),(469,'Data artist as',131,4,2,'Lauren Johnson',227140,7007625,0.74),(470,'Interesting yet',94,1,11,'Charles Reed',270524,8261517,1.73),(471,'Fall another cold',32,2,9,'Daniel Waters',208879,4600931,0.95),(472,'Loss',25,4,1,'April Parrish',352105,7113083,1.27),(473,'Off particular',42,6,9,'Richard Hudson',185816,4021983,1.10),(474,'Find fall marriage',50,4,4,'Brittany Molina',336650,6465438,1.88),(475,'Table growth enough',103,4,8,'Jodi Dennis',213435,3443365,1.55),(476,'Money writer deep',62,4,3,'Katherine Roy',351941,8837086,0.74),(477,'Run clear',128,2,8,'Joanna Smith',355877,7858843,1.02),(478,'Follow',83,6,9,'Richard Kelley',293785,6902966,1.86),(479,'Buy although hear',51,6,15,'Brandon Murphy',241969,4606532,1.95),(480,'Over especially interest',17,6,10,'Shannon Estes',184971,3217618,0.75),(481,'Total rest any',120,4,8,'George Holmes',196156,3104385,1.17),(482,'What write',141,5,7,'Nicole Cruz',273743,8746338,0.87),(483,'Thank care',91,6,4,'Guy Smith',185755,6068813,0.99),(484,'Full tough',40,3,6,'Amy Mitchell',232075,4799739,1.68),(485,'Today three child',41,2,5,'Tara Simmons',250422,7124093,0.95),(486,'General front success',111,5,13,'Alison Miller',291180,8896034,0.71),(487,'Send smile',87,5,1,'Scott Brewer',332853,6463707,1.10),(488,'Interest',133,6,5,'Scott Hernandez',223210,5716788,0.74),(489,'Wide score',103,1,15,'Sean Mcbride',221561,7407577,1.93),(490,'Member so hard he',82,6,8,'Jack Jackson',197142,8772269,1.31),(491,'Man military parent',15,4,1,'Justin Mcdonald',295581,8016045,1.40),(492,'Source others seat',67,1,2,'Donald Johnson',194754,6512025,0.78),(493,'Guess test',98,3,11,'Thomas Johnson',339388,5898278,1.88),(494,'Cause somebody our',103,2,7,'Stacie Wagner',211895,8869086,0.82),(495,'Learn strategy',97,5,2,'Kayla Bryant',301437,2763299,1.66),(496,'Nearly foreign indicate happy',64,3,14,'Aaron Goodman',285502,6089019,1.36),(497,'And blood draw commercial',148,4,10,'Wanda Rivera',339669,5468005,0.88),(498,'Stay blood',136,3,7,'Cynthia Juarez',253431,5446037,1.74),(499,'Cut church difficult',50,2,14,'Emily Young',329053,2715366,1.04),(500,'Paper public',68,4,9,'Jacob Hernandez',196587,6801067,1.06);
/*!40000 ALTER TABLE `track` ENABLE KEYS */;
UNLOCK TABLES;

--
-- Dumping events for database 'musicstore'
--

--
-- Dumping routines for database 'musicstore'
--
/*!40103 SET TIME_ZONE=@OLD_TIME_ZONE */;

/*!40101 SET SQL_MODE=@OLD_SQL_MODE */;
/*!40014 SET FOREIGN_KEY_CHECKS=@OLD_FOREIGN_KEY_CHECKS */;
/*!40014 SET UNIQUE_CHECKS=@OLD_UNIQUE_CHECKS */;
/*!40101 SET CHARACTER_SET_CLIENT=@OLD_CHARACTER_SET_CLIENT */;
/*!40101 SET CHARACTER_SET_RESULTS=@OLD_CHARACTER_SET_RESULTS */;
/*!40101 SET COLLATION_CONNECTION=@OLD_COLLATION_CONNECTION */;
/*!40111 SET SQL_NOTES=@OLD_SQL_NOTES */;

-- Dump completed on 2025-07-07  3:21:09
